google_location_key,key
AU,AU
AU_ACT,AU_ACT
AU_NSW,AU_NSW
AU_NT,AU_NT
AU_QLD,AU_QLD
AU_SA,AU_SA
AU_TAS,AU_TAS
AU_VIC,AU_VIC
AU_WA,AU_WA
GB,GB
GB_ABC,
GB_ABD,
GB_ABE,
GB_AGB,
GB_AGY,
GB_AND,
GB_ANN,
GB_ANS,
GB_BAS,
GB_BBD,
GB_BDF,
GB_BFS,
GB_BGE,
GB_BGW,
GB_BKM,
GB_BNH,
GB_BPL,
GB_BRC,
GB_BST,
GB_CAM,
GB_CAY,
GB_CBF,
GB_CCG,
GB_CGN,
GB_CHE,
GB_CHW,
GB_CLK,
GB_CMA,
GB_CMN,
GB_CON,
GB_CRF,
GB_CWY,
GB_DAL,
GB_DBY,
GB_DEN,
GB_DER,
GB_DEV,
GB_DGY,
GB_DND,
GB_DOR,
GB_DRS,
GB_DUR,
GB_EAY,
GB_EDH,
GB_EDU,
GB_ELN,
GB_ERW,
GB_ERY,
GB_ESS,
GB_ESX,
GB_FAL,
GB_FIF,
GB_FLN,
GB_FMO,
GB_GLG,
GB_GLS,
GB_GWN,
GB_HAL,
GB_HAM,
GB_HEF,
GB_HLD,
GB_HPL,
GB_HRT,
GB_IOW
GB_IVC,
GB_KEN,
GB_KHL,
GB_LAN,
GB_LBC,
GB_LCE,
GB_LEC,
GB_LIN,
GB_LUT,
GB_MDB,
GB_MDW,
GB_MEA,
GB_MIK,
GB_MLN,
GB_MON,
GB_MRY,
GB_MTY,
GB_MUL,
GB_NAY,
GB_NBL,
GB_NEL,
GB_NFK,
GB_NGM,
GB_NLK,
GB_NLN,
GB_NMD,
GB_NSM,
GB_NTH,
GB_NTL,
GB_NTT,
GB_NWP,
GB_NYK,
GB_ORK,
GB_OXF,
GB_PEM,
GB_PKN,
GB_PLY,
GB_POR,
GB_POW,
GB_PTE,
GB_RCC,
GB_RCT,
GB_RDG,
GB_RFW,
GB_RUT,
GB_SAY,
GB_SCB,
GB_SFK,
GB_SGC,
GB_SHR,
GB_SLG,
GB_SLK,
GB_SOM,
GB_SOS,
GB_SRY,
GB_STE,
GB_STG,
GB_STH,
GB_STS,
GB_STT,
GB_SWA,
GB_SWD,
GB_THR,
GB_TOB,
GB_TOF,
GB_VGL,
GB_WAR,
GB_WBK,
GB_WDU,
GB_WIL,
GB_WLN,
GB_WNM,
GB_WOK,
GB_WOR,
GB_WRT,
GB_WRX,
GB_WSX,
GB_YOR,
GB_ZET,
IE,IE
IE_CE,
IE_CN,
IE_CO,
IE_CW,
IE_D,
IE_DL,
IE_G,
IE_KE,
IE_KK,
IE_KY,
IE_LD,
IE_LH,
IE_LK,
IE_LM,
IE_LS,
IE_MH,
IE_MN,
IE_MO,
IE_OY,
IE_RN,
IE_SO,
IE_TA,
IE_WD,
IE_WH,
IE_WW,
IE_WX,
NZ,NZ
NZ_AUK,
NZ_BOP,
NZ_CAN,
NZ_GIS,
NZ_HKB,
NZ_MBH,
NZ_MWT,
NZ_NSN,
NZ_NTL,
NZ_OTA,
NZ_STL,
NZ_TAS,
NZ_TKI,
NZ_WGN,
NZ_WKO,
NZ_WTC,
SG,SG
US,US
US_AL,US_AL
US_AL_01001,US_AL_01001
US_AL_01003,US_AL_01003
US_AL_01005,US_AL_01005
US_AL_01007,US_AL_01007
US_AL_01009,US_AL_01009
US_AL_01011,US_AL_01011
US_AL_01013,US_AL_01013
US_AL_01015,US_AL_01015
US_AL_01017,US_AL_01017
US_AL_01019,US_AL_01019
US_AL_01021,US_AL_01021
US_AL_01023,US_AL_01023
US_AL_01025,US_AL_01025
US_AL_01027,US_AL_01027
US_AL_01029,US_AL_01029
US_AL_01031,US_AL_01031
US_AL_01033,US_AL_01033
US_AL_01035,US_AL_01035
US_AL_01037,US_AL_01037
US_AL_01039,US_AL_01039
US_AL_01041,US_AL_01041
US_AL_01043,US_AL_01043
US_AL_01045,US_AL_01045
US_AL_01047,US_AL_01047
US_AL_01049,US_AL_01049
US_AL_01051,US_AL_01051
US_AL_01053,US_AL_01053
US_AL_01055,US_AL_01055
US_AL_01057,US_AL_01057
US_AL_01059,US_AL_01059
US_AL_01061,US_AL_01061
US_AL_01063,US_AL_01063
US_AL_01065,US_AL_01065
US_AL_01067,US_AL_01067
US_AL_01069,US_AL_01069
US_AL_01071,US_AL_01071
US_AL_01073,US_AL_01073
US_AL_01075,US_AL_01075
US_AL_01077,US_AL_01077
US_AL_01079,US_AL_01079
US_AL_01081,US_AL_01081
US_AL_01083,US_AL_01083
US_AL_01085,US_AL_01085
US_AL_01087,US_AL_01087
US_AL_01089,US_AL_01089
US_AL_01091,US_AL_01091
US_AL_01093,US_AL_01093
US_AL_01095,US_AL_01095
US_AL_01097,US_AL_01097
US_AL_01099,US_AL_01099
US_AL_01101,US_AL_01101
US_AL_01103,US_AL_01103
US_AL_01105,US_AL_01105
US_AL_01107,US_AL_01107
US_AL_01109,US_AL_01109
US_AL_01111,US_AL_01111
US_AL_01113,US_AL_01113
US_AL_01115,US_AL_01115
US_AL_01117,US_AL_01117
US_AL_01119,US_AL_01119
US_AL_01121,US_AL_01121
US_AL_01123,US_AL_01123
US_AL_01125,US_AL_01125
US_AL_01127,US_AL_01127
US_AL_01129,US_AL_01129
US_AL_01131,US_AL_01131
US_AL_01133,US_AL_01133
US_AK,US_AK
US_AK_02013,US_AK_02013
US_AK_02016,US_AK_02016
US_AK_02020,US_AK_02020
US_AK_02050,US_AK_02050
US_AK_02060,US_AK_02060
US_AK_02068,US_AK_02068
US_AK_02070,US_AK_02070
US_AK_02090,US_AK_02090
US_AK_02100,US_AK_02100
US_AK_02105,US_AK_02105
US_AK_02110,US_AK_02110
US_AK_02122,US_AK_02122
US_AK_02130,US_AK_02130
US_AK_02150,US_AK_02150
US_AK_02158,US_AK_02158
US_AK_02164,US_AK_02164
US_AK_02170,US_AK_02170
US_AK_02180,US_AK_02180
US_AK_02185,US_AK_02185
US_AK_02188,US_AK_02188
US_AK_02195,US_AK_02195
US_AK_02198,US_AK_02198
US_AK_02220,US_AK_02220
US_AK_02230,US_AK_02230
US_AK_02240,US_AK_02240
US_AK_02261,US_AK_02261
US_AK_02275,US_AK_02275
US_AK_02282,US_AK_02282
US_AK_02290,US_AK_02290
US_AZ,US_AZ
US_AZ_04001,US_AZ_04001
US_AZ_04003,US_AZ_04003
US_AZ_04005,US_AZ_04005
US_AZ_04007,US_AZ_04007
US_AZ_04009,US_AZ_04009
US_AZ_04011,US_AZ_04011
US_AZ_04012,US_AZ_04012
US_AZ_04013,US_AZ_04013
US_AZ_04015,US_AZ_04015
US_AZ_04017,US_AZ_04017
US_AZ_04019,US_AZ_04019
US_AZ_04021,US_AZ_04021
US_AZ_04023,US_AZ_04023
US_AZ_04025,US_AZ_04025
US_AZ_04027,US_AZ_04027
US_AR,US_AR
US_AR_05001,US_AR_05001
US_AR_05003,US_AR_05003
US_AR_05005,US_AR_05005
US_AR_05007,US_AR_05007
US_AR_05009,US_AR_05009
US_AR_05011,US_AR_05011
US_AR_05013,US_AR_05013
US_AR_05015,US_AR_05015
US_AR_05017,US_AR_05017
US_AR_05019,US_AR_05019
US_AR_05021,US_AR_05021
US_AR_05023,US_AR_05023
US_AR_05025,US_AR_05025
US_AR_05027,US_AR_05027
US_AR_05029,US_AR_05029
US_AR_05031,US_AR_05031
US_AR_05033,US_AR_05033
US_AR_05035,US_AR_05035
US_AR_05037,US_AR_05037
US_AR_05039,US_AR_05039
US_AR_05041,US_AR_05041
US_AR_05043,US_AR_05043
US_AR_05045,US_AR_05045
US_AR_05047,US_AR_05047
US_AR_05049,US_AR_05049
US_AR_05051,US_AR_05051
US_AR_05053,US_AR_05053
US_AR_05055,US_AR_05055
US_AR_05057,US_AR_05057
US_AR_05059,US_AR_05059
US_AR_05061,US_AR_05061
US_AR_05063,US_AR_05063
US_AR_05065,US_AR_05065
US_AR_05067,US_AR_05067
US_AR_05069,US_AR_05069
US_AR_05071,US_AR_05071
US_AR_05073,US_AR_05073
US_AR_05075,US_AR_05075
US_AR_05077,US_AR_05077
US_AR_05079,US_AR_05079
US_AR_05081,US_AR_05081
US_AR_05083,US_AR_05083
US_AR_05085,US_AR_05085
US_AR_05087,US_AR_05087
US_AR_05089,US_AR_05089
US_AR_05091,US_AR_05091
US_AR_05093,US_AR_05093
US_AR_05095,US_AR_05095
US_AR_05097,US_AR_05097
US_AR_05099,US_AR_05099
US_AR_05101,US_AR_05101
US_AR_05103,US_AR_05103
US_AR_05105,US_AR_05105
US_AR_05107,US_AR_05107
US_AR_05109,US_AR_05109
US_AR_05111,US_AR_05111
US_AR_05113,US_AR_05113
US_AR_05115,US_AR_05115
US_AR_05117,US_AR_05117
US_AR_05119,US_AR_05119
US_AR_05121,US_AR_05121
US_AR_05123,US_AR_05123
US_AR_05125,US_AR_05125
US_AR_05127,US_AR_05127
US_AR_05129,US_AR_05129
US_AR_05131,US_AR_05131
US_AR_05133,US_AR_05133
US_AR_05135,US_AR_05135
US_AR_05137,US_AR_05137
US_AR_05139,US_AR_05139
US_AR_05141,US_AR_05141
US_AR_05143,US_AR_05143
US_AR_05145,US_AR_05145
US_AR_05147,US_AR_05147
US_AR_05149,US_AR_05149
US_CA,US_CA
US_CA_06001,US_CA_06001
US_CA_06003,US_CA_06003
US_CA_06005,US_CA_06005
US_CA_06007,US_CA_06007
US_CA_06009,US_CA_06009
US_CA_06011,US_CA_06011
US_CA_06013,US_CA_06013
US_CA_06015,US_CA_06015
US_CA_06017,US_CA_06017
US_CA_06019,US_CA_06019
US_CA_06021,US_CA_06021
US_CA_06023,US_CA_06023
US_CA_06025,US_CA_06025
US_CA_06027,US_CA_06027
US_CA_06029,US_CA_06029
US_CA_06031,US_CA_06031
US_CA_06033,US_CA_06033
US_CA_06035,US_CA_06035
US_CA_06037,US_CA_06037
US_CA_06039,US_CA_06039
US_CA_06041,US_CA_06041
US_CA_06043,US_CA_06043
US_CA_06045,US_CA_06045
US_CA_06047,US_CA_06047
US_CA_06049,US_CA_06049
US_CA_06051,US_CA_06051
US_CA_06053,US_CA_06053
US_CA_06055,US_CA_06055
US_CA_06057,US_CA_06057
US_CA_06059,US_CA_06059
US_CA_06061,US_CA_06061
US_CA_06063,US_CA_06063
US_CA_06065,US_CA_06065
US_CA_06067,US_CA_06067
US_CA_06069,US_CA_06069
US_CA_06071,US_CA_06071
US_CA_06073,US_CA_06073
US_CA_06075,US_CA_06075
US_CA_06077,US_CA_06077
US_CA_06079,US_CA_06079
US_CA_06081,US_CA_06081
US_CA_06083,US_CA_06083
US_CA_06085,US_CA_06085
US_CA_06087,US_CA_06087
US_CA_06089,US_CA_06089
US_CA_06091,US_CA_06091
US_CA_06093,US_CA_06093
US_CA_06095,US_CA_06095
US_CA_06097,US_CA_06097
US_CA_06099,US_CA_06099
US_CA_06101,US_CA_06101
US_CA_06103,US_CA_06103
US_CA_06105,US_CA_06105
US_CA_06107,US_CA_06107
US_CA_06109,US_CA_06109
US_CA_06111,US_CA_06111
US_CA_06113,US_CA_06113
US_CA_06115,US_CA_06115
US_CO,US_CO
US_CO_08001,US_CO_08001
US_CO_08003,US_CO_08003
US_CO_08005,US_CO_08005
US_CO_08007,US_CO_08007
US_CO_08009,US_CO_08009
US_CO_08011,US_CO_08011
US_CO_08013,US_CO_08013
US_CO_08014,US_CO_08014
US_CO_08015,US_CO_08015
US_CO_08017,US_CO_08017
US_CO_08019,US_CO_08019
US_CO_08021,US_CO_08021
US_CO_08023,US_CO_08023
US_CO_08025,US_CO_08025
US_CO_08027,US_CO_08027
US_CO_08029,US_CO_08029
US_CO_08031,US_CO_08031
US_CO_08033,US_CO_08033
US_CO_08035,US_CO_08035
US_CO_08037,US_CO_08037
US_CO_08039,US_CO_08039
US_CO_08041,US_CO_08041
US_CO_08043,US_CO_08043
US_CO_08045,US_CO_08045
US_CO_08047,US_CO_08047
US_CO_08049,US_CO_08049
US_CO_08051,US_CO_08051
US_CO_08053,US_CO_08053
US_CO_08055,US_CO_08055
US_CO_08057,US_CO_08057
US_CO_08059,US_CO_08059
US_CO_08061,US_CO_08061
US_CO_08063,US_CO_08063
US_CO_08065,US_CO_08065
US_CO_08067,US_CO_08067
US_CO_08069,US_CO_08069
US_CO_08071,US_CO_08071
US_CO_08073,US_CO_08073
US_CO_08075,US_CO_08075
US_CO_08077,US_CO_08077
US_CO_08079,US_CO_08079
US_CO_08081,US_CO_08081
US_CO_08083,US_CO_08083
US_CO_08085,US_CO_08085
US_CO_08087,US_CO_08087
US_CO_08089,US_CO_08089
US_CO_08091,US_CO_08091
US_CO_08093,US_CO_08093
US_CO_08095,US_CO_08095
US_CO_08097,US_CO_08097
US_CO_08099,US_CO_08099
US_CO_08101,US_CO_08101
US_CO_08103,US_CO_08103
US_CO_08105,US_CO_08105
US_CO_08107,US_CO_08107
US_CO_08109,US_CO_08109
US_CO_08111,US_CO_08111
US_CO_08113,US_CO_08113
US_CO_08115,US_CO_08115
US_CO_08117,US_CO_08117
US_CO_08119,US_CO_08119
US_CO_08121,US_CO_08121
US_CO_08123,US_CO_08123
US_CO_08125,US_CO_08125
US_CT,US_CT
US_CT_09001,US_CT_09001
US_CT_09003,US_CT_09003
US_CT_09005,US_CT_09005
US_CT_09007,US_CT_09007
US_CT_09009,US_CT_09009
US_CT_09011,US_CT_09011
US_CT_09013,US_CT_09013
US_CT_09015,US_CT_09015
US_DE,US_DE
US_DE_10001,US_DE_10001
US_DE_10003,US_DE_10003
US_DE_10005,US_DE_10005
US_DC,US_DC
US_DC_11001,US_DC_11001
US_FL,US_FL
US_FL_12001,US_FL_12001
US_FL_12003,US_FL_12003
US_FL_12005,US_FL_12005
US_FL_12007,US_FL_12007
US_FL_12009,US_FL_12009
US_FL_12011,US_FL_12011
US_FL_12013,US_FL_12013
US_FL_12015,US_FL_12015
US_FL_12017,US_FL_12017
US_FL_12019,US_FL_12019
US_FL_12021,US_FL_12021
US_FL_12023,US_FL_12023
US_FL_12027,US_FL_12027
US_FL_12029,US_FL_12029
US_FL_12031,US_FL_12031
US_FL_12033,US_FL_12033
US_FL_12035,US_FL_12035
US_FL_12037,US_FL_12037
US_FL_12039,US_FL_12039
US_FL_12041,US_FL_12041
US_FL_12043,US_FL_12043
US_FL_12045,US_FL_12045
US_FL_12047,US_FL_12047
US_FL_12049,US_FL_12049
US_FL_12051,US_FL_12051
US_FL_12053,US_FL_12053
US_FL_12055,US_FL_12055
US_FL_12057,US_FL_12057
US_FL_12059,US_FL_12059
US_FL_12061,US_FL_12061
US_FL_12063,US_FL_12063
US_FL_12065,US_FL_12065
US_FL_12067,US_FL_12067
US_FL_12069,US_FL_12069
US_FL_12071,US_FL_12071
US_FL_12073,US_FL_12073
US_FL_12075,US_FL_12075
US_FL_12077,US_FL_12077
US_FL_12079,US_FL_12079
US_FL_12081,US_FL_12081
US_FL_12083,US_FL_12083
US_FL_12085,US_FL_12085
US_FL_12086,US_FL_12086
US_FL_12087,US_FL_12087
US_FL_12089,US_FL_12089
US_FL_12091,US_FL_12091
US_FL_12093,US_FL_12093
US_FL_12095,US_FL_12095
US_FL_12097,US_FL_12097
US_FL_12099,US_FL_12099
US_FL_12101,US_FL_12101
US_FL_12103,US_FL_12103
US_FL_12105,US_FL_12105
US_FL_12107,US_FL_12107
US_FL_12109,US_FL_12109
US_FL_12111,US_FL_12111
US_FL_12113,US_FL_12113
US_FL_12115,US_FL_12115
US_FL_12117,US_FL_12117
US_FL_12119,US_FL_12119
US_FL_12121,US_FL_12121
US_FL_12123,US_FL_12123
US_FL_12125,US_FL_12125
US_FL_12127,US_FL_12127
US_FL_12129,US_FL_12129
US_FL_12131,US_FL_12131
US_FL_12133,US_FL_12133
US_GA,US_GA
US_GA_13001,US_GA_13001
US_GA_13003,US_GA_13003
US_GA_13005,US_GA_13005
US_GA_13007,US_GA_13007
US_GA_13009,US_GA_13009
US_GA_13011,US_GA_13011
US_GA_13013,US_GA_13013
US_GA_13015,US_GA_13015
US_GA_13017,US_GA_13017
US_GA_13019,US_GA_13019
US_GA_13021,US_GA_13021
US_GA_13023,US_GA_13023
US_GA_13025,US_GA_13025
US_GA_13027,US_GA_13027
US_GA_13029,US_GA_13029
US_GA_13031,US_GA_13031
US_GA_13033,US_GA_13033
US_GA_13035,US_GA_13035
US_GA_13037,US_GA_13037
US_GA_13039,US_GA_13039
US_GA_13043,US_GA_13043
US_GA_13045,US_GA_13045
US_GA_13047,US_GA_13047
US_GA_13049,US_GA_13049
US_GA_13051,US_GA_13051
US_GA_13053,US_GA_13053
US_GA_13055,US_GA_13055
US_GA_13057,US_GA_13057
US_GA_13059,US_GA_13059
US_GA_13061,US_GA_13061
US_GA_13063,US_GA_13063
US_GA_13065,US_GA_13065
US_GA_13067,US_GA_13067
US_GA_13069,US_GA_13069
US_GA_13071,US_GA_13071
US_GA_13073,US_GA_13073
US_GA_13075,US_GA_13075
US_GA_13077,US_GA_13077
US_GA_13079,US_GA_13079
US_GA_13081,US_GA_13081
US_GA_13083,US_GA_13083
US_GA_13085,US_GA_13085
US_GA_13087,US_GA_13087
US_GA_13089,US_GA_13089
US_GA_13091,US_GA_13091
US_GA_13093,US_GA_13093
US_GA_13095,US_GA_13095
US_GA_13097,US_GA_13097
US_GA_13099,US_GA_13099
US_GA_13101,US_GA_13101
US_GA_13103,US_GA_13103
US_GA_13105,US_GA_13105
US_GA_13107,US_GA_13107
US_GA_13109,US_GA_13109
US_GA_13111,US_GA_13111
US_GA_13113,US_GA_13113
US_GA_13115,US_GA_13115
US_GA_13117,US_GA_13117
US_GA_13119,US_GA_13119
US_GA_13121,US_GA_13121
US_GA_13123,US_GA_13123
US_GA_13125,US_GA_13125
US_GA_13127,US_GA_13127
US_GA_13129,US_GA_13129
US_GA_13131,US_GA_13131
US_GA_13133,US_GA_13133
US_GA_13135,US_GA_13135
US_GA_13137,US_GA_13137
US_GA_13139,US_GA_13139
US_GA_13141,US_GA_13141
US_GA_13143,US_GA_13143
US_GA_13145,US_GA_13145
US_GA_13147,US_GA_13147
US_GA_13149,US_GA_13149
US_GA_13151,US_GA_13151
US_GA_13153,US_GA_13153
US_GA_13155,US_GA_13155
US_GA_13157,US_GA_13157
US_GA_13159,US_GA_13159
US_GA_13161,US_GA_13161
US_GA_13163,US_GA_13163
US_GA_13165,US_GA_13165
US_GA_13167,US_GA_13167
US_GA_13169,US_GA_13169
US_GA_13171,US_GA_13171
US_GA_13173,US_GA_13173
US_GA_13175,US_GA_13175
US_GA_13177,US_GA_13177
US_GA_13179,US_GA_13179
US_GA_13181,US_GA_13181
US_GA_13183,US_GA_13183
US_GA_13185,US_GA_13185
US_GA_13187,US_GA_13187
US_GA_13189,US_GA_13189
US_GA_13191,US_GA_13191
US_GA_13193,US_GA_13193
US_GA_13195,US_GA_13195
US_GA_13197,US_GA_13197
US_GA_13199,US_GA_13199
US_GA_13201,US_GA_13201
US_GA_13205,US_GA_13205
US_GA_13207,US_GA_13207
US_GA_13209,US_GA_13209
US_GA_13211,US_GA_13211
US_GA_13213,US_GA_13213
US_GA_13215,US_GA_13215
US_GA_13217,US_GA_13217
US_GA_13219,US_GA_13219
US_GA_13221,US_GA_13221
US_GA_13223,US_GA_13223
US_GA_13225,US_GA_13225
US_GA_13227,US_GA_13227
US_GA_13229,US_GA_13229
US_GA_13231,US_GA_13231
US_GA_13233,US_GA_13233
US_GA_13235,US_GA_13235
US_GA_13237,US_GA_13237
US_GA_13239,US_GA_13239
US_GA_13241,US_GA_13241
US_GA_13243,US_GA_13243
US_GA_13245,US_GA_13245
US_GA_13247,US_GA_13247
US_GA_13249,US_GA_13249
US_GA_13251,US_GA_13251
US_GA_13253,US_GA_13253
US_GA_13255,US_GA_13255
US_GA_13257,US_GA_13257
US_GA_13259,US_GA_13259
US_GA_13261,US_GA_13261
US_GA_13263,US_GA_13263
US_GA_13265,US_GA_13265
US_GA_13267,US_GA_13267
US_GA_13269,US_GA_13269
US_GA_13271,US_GA_13271
US_GA_13273,US_GA_13273
US_GA_13275,US_GA_13275
US_GA_13277,US_GA_13277
US_GA_13279,US_GA_13279
US_GA_13281,US_GA_13281
US_GA_13283,US_GA_13283
US_GA_13285,US_GA_13285
US_GA_13287,US_GA_13287
US_GA_13289,US_GA_13289
US_GA_13291,US_GA_13291
US_GA_13293,US_GA_13293
US_GA_13295,US_GA_13295
US_GA_13297,US_GA_13297
US_GA_13299,US_GA_13299
US_GA_13301,US_GA_13301
US_GA_13303,US_GA_13303
US_GA_13305,US_GA_13305
US_GA_13307,US_GA_13307
US_GA_13309,US_GA_13309
US_GA_13311,US_GA_13311
US_GA_13313,US_GA_13313
US_GA_13315,US_GA_13315
US_GA_13317,US_GA_13317
US_GA_13319,US_GA_13319
US_GA_13321,US_GA_13321
US_HI,US_HI
US_HI_15001,US_HI_15001
US_HI_15003,US_HI_15003
US_HI_15005,US_HI_15005
US_HI_15007,US_HI_15007
US_HI_15009,US_HI_15009
US_ID,US_ID
US_ID_16001,US_ID_16001
US_ID_16003,US_ID_16003
US_ID_16005,US_ID_16005
US_ID_16007,US_ID_16007
US_ID_16009,US_ID_16009
US_ID_16011,US_ID_16011
US_ID_16013,US_ID_16013
US_ID_16015,US_ID_16015
US_ID_16017,US_ID_16017
US_ID_16019,US_ID_16019
US_ID_16021,US_ID_16021
US_ID_16023,US_ID_16023
US_ID_16025,US_ID_16025
US_ID_16027,US_ID_16027
US_ID_16029,US_ID_16029
US_ID_16031,US_ID_16031
US_ID_16033,US_ID_16033
US_ID_16035,US_ID_16035
US_ID_16037,US_ID_16037
US_ID_16039,US_ID_16039
US_ID_16041,US_ID_16041
US_ID_16043,US_ID_16043
US_ID_16045,US_ID_16045
US_ID_16047,US_ID_16047
US_ID_16049,US_ID_16049
US_ID_16051,US_ID_16051
US_ID_16053,US_ID_16053
US_ID_16055,US_ID_16055
US_ID_16057,US_ID_16057
US_ID_16059,US_ID_16059
US_ID_16061,US_ID_16061
US_ID_16063,US_ID_16063
US_ID_16065,US_ID_16065
US_ID_16067,US_ID_16067
US_ID_16069,US_ID_16069
US_ID_16071,US_ID_16071
US_ID_16073,US_ID_16073
US_ID_16075,US_ID_16075
US_ID_16077,US_ID_16077
US_ID_16079,US_ID_16079
US_ID_16081,US_ID_16081
US_ID_16083,US_ID_16083
US_ID_16085,US_ID_16085
US_ID_16087,US_ID_16087
US_IL,US_IL
US_IL_17001,US_IL_17001
US_IL_17003,US_IL_17003
US_IL_17005,US_IL_17005
US_IL_17007,US_IL_17007
US_IL_17009,US_IL_17009
US_IL_17011,US_IL_17011
US_IL_17013,US_IL_17013
US_IL_17015,US_IL_17015
US_IL_17017,US_IL_17017
US_IL_17019,US_IL_17019
US_IL_17021,US_IL_17021
US_IL_17023,US_IL_17023
US_IL_17025,US_IL_17025
US_IL_17027,US_IL_17027
US_IL_17029,US_IL_17029
US_IL_17031,US_IL_17031
US_IL_17033,US_IL_17033
US_IL_17035,US_IL_17035
US_IL_17037,US_IL_17037
US_IL_17039,US_IL_17039
US_IL_17041,US_IL_17041
US_IL_17043,US_IL_17043
US_IL_17045,US_IL_17045
US_IL_17047,US_IL_17047
US_IL_17049,US_IL_17049
US_IL_17051,US_IL_17051
US_IL_17053,US_IL_17053
US_IL_17055,US_IL_17055
US_IL_17057,US_IL_17057
US_IL_17059,US_IL_17059
US_IL_17061,US_IL_17061
US_IL_17063,US_IL_17063
US_IL_17065,US_IL_17065
US_IL_17067,US_IL_17067
US_IL_17069,US_IL_17069
US_IL_17071,US_IL_17071
US_IL_17073,US_IL_17073
US_IL_17075,US_IL_17075
US_IL_17077,US_IL_17077
US_IL_17079,US_IL_17079
US_IL_17081,US_IL_17081
US_IL_17083,US_IL_17083
US_IL_17085,US_IL_17085
US_IL_17087,US_IL_17087
US_IL_17089,US_IL_17089
US_IL_17091,US_IL_17091
US_IL_17093,US_IL_17093
US_IL_17095,US_IL_17095
US_IL_17097,US_IL_17097
US_IL_17099,US_IL_17099
US_IL_17101,US_IL_17101
US_IL_17103,US_IL_17103
US_IL_17105,US_IL_17105
US_IL_17107,US_IL_17107
US_IL_17109,US_IL_17109
US_IL_17111,US_IL_17111
US_IL_17113,US_IL_17113
US_IL_17115,US_IL_17115
US_IL_17117,US_IL_17117
US_IL_17119,US_IL_17119
US_IL_17121,US_IL_17121
US_IL_17123,US_IL_17123
US_IL_17125,US_IL_17125
US_IL_17127,US_IL_17127
US_IL_17129,US_IL_17129
US_IL_17131,US_IL_17131
US_IL_17133,US_IL_17133
US_IL_17135,US_IL_17135
US_IL_17137,US_IL_17137
US_IL_17139,US_IL_17139
US_IL_17141,US_IL_17141
US_IL_17143,US_IL_17143
US_IL_17145,US_IL_17145
US_IL_17147,US_IL_17147
US_IL_17149,US_IL_17149
US_IL_17151,US_IL_17151
US_IL_17153,US_IL_17153
US_IL_17155,US_IL_17155
US_IL_17157,US_IL_17157
US_IL_17159,US_IL_17159
US_IL_17161,US_IL_17161
US_IL_17163,US_IL_17163
US_IL_17165,US_IL_17165
US_IL_17167,US_IL_17167
US_IL_17169,US_IL_17169
US_IL_17171,US_IL_17171
US_IL_17173,US_IL_17173
US_IL_17175,US_IL_17175
US_IL_17177,US_IL_17177
US_IL_17179,US_IL_17179
US_IL_17181,US_IL_17181
US_IL_17183,US_IL_17183
US_IL_17185,US_IL_17185
US_IL_17187,US_IL_17187
US_IL_17189,US_IL_17189
US_IL_17191,US_IL_17191
US_IL_17193,US_IL_17193
US_IL_17195,US_IL_17195
US_IL_17197,US_IL_17197
US_IL_17199,US_IL_17199
US_IL_17201,US_IL_17201
US_IL_17203,US_IL_17203
US_IN,US_IN
US_IN_18001,US_IN_18001
US_IN_18003,US_IN_18003
US_IN_18005,US_IN_18005
US_IN_18007,US_IN_18007
US_IN_18009,US_IN_18009
US_IN_18011,US_IN_18011
US_IN_18013,US_IN_18013
US_IN_18015,US_IN_18015
US_IN_18017,US_IN_18017
US_IN_18019,US_IN_18019
US_IN_18021,US_IN_18021
US_IN_18023,US_IN_18023
US_IN_18025,US_IN_18025
US_IN_18027,US_IN_18027
US_IN_18029,US_IN_18029
US_IN_18031,US_IN_18031
US_IN_18033,US_IN_18033
US_IN_18035,US_IN_18035
US_IN_18037,US_IN_18037
US_IN_18039,US_IN_18039
US_IN_18041,US_IN_18041
US_IN_18043,US_IN_18043
US_IN_18045,US_IN_18045
US_IN_18047,US_IN_18047
US_IN_18049,US_IN_18049
US_IN_18051,US_IN_18051
US_IN_18053,US_IN_18053
US_IN_18055,US_IN_18055
US_IN_18057,US_IN_18057
US_IN_18059,US_IN_18059
US_IN_18061,US_IN_18061
US_IN_18063,US_IN_18063
US_IN_18065,US_IN_18065
US_IN_18067,US_IN_18067
US_IN_18069,US_IN_18069
US_IN_18071,US_IN_18071
US_IN_18073,US_IN_18073
US_IN_18075,US_IN_18075
US_IN_18077,US_IN_18077
US_IN_18079,US_IN_18079
US_IN_18081,US_IN_18081
US_IN_18083,US_IN_18083
US_IN_18085,US_IN_18085
US_IN_18087,US_IN_18087
US_IN_18089,US_IN_18089
US_IN_18091,US_IN_18091
US_IN_18093,US_IN_18093
US_IN_18095,US_IN_18095
US_IN_18097,US_IN_18097
US_IN_18099,US_IN_18099
US_IN_18101,US_IN_18101
US_IN_18103,US_IN_18103
US_IN_18105,US_IN_18105
US_IN_18107,US_IN_18107
US_IN_18109,US_IN_18109
US_IN_18111,US_IN_18111
US_IN_18113,US_IN_18113
US_IN_18115,US_IN_18115
US_IN_18117,US_IN_18117
US_IN_18119,US_IN_18119
US_IN_18121,US_IN_18121
US_IN_18123,US_IN_18123
US_IN_18125,US_IN_18125
US_IN_18127,US_IN_18127
US_IN_18129,US_IN_18129
US_IN_18131,US_IN_18131
US_IN_18133,US_IN_18133
US_IN_18135,US_IN_18135
US_IN_18137,US_IN_18137
US_IN_18139,US_IN_18139
US_IN_18141,US_IN_18141
US_IN_18143,US_IN_18143
US_IN_18145,US_IN_18145
US_IN_18147,US_IN_18147
US_IN_18149,US_IN_18149
US_IN_18151,US_IN_18151
US_IN_18153,US_IN_18153
US_IN_18155,US_IN_18155
US_IN_18157,US_IN_18157
US_IN_18159,US_IN_18159
US_IN_18161,US_IN_18161
US_IN_18163,US_IN_18163
US_IN_18165,US_IN_18165
US_IN_18167,US_IN_18167
US_IN_18169,US_IN_18169
US_IN_18171,US_IN_18171
US_IN_18173,US_IN_18173
US_IN_18175,US_IN_18175
US_IN_18177,US_IN_18177
US_IN_18179,US_IN_18179
US_IN_18181,US_IN_18181
US_IN_18183,US_IN_18183
US_IA,US_IA
US_IA_19001,US_IA_19001
US_IA_19003,US_IA_19003
US_IA_19005,US_IA_19005
US_IA_19007,US_IA_19007
US_IA_19009,US_IA_19009
US_IA_19011,US_IA_19011
US_IA_19013,US_IA_19013
US_IA_19015,US_IA_19015
US_IA_19017,US_IA_19017
US_IA_19019,US_IA_19019
US_IA_19021,US_IA_19021
US_IA_19023,US_IA_19023
US_IA_19025,US_IA_19025
US_IA_19027,US_IA_19027
US_IA_19029,US_IA_19029
US_IA_19031,US_IA_19031
US_IA_19033,US_IA_19033
US_IA_19035,US_IA_19035
US_IA_19037,US_IA_19037
US_IA_19039,US_IA_19039
US_IA_19041,US_IA_19041
US_IA_19043,US_IA_19043
US_IA_19045,US_IA_19045
US_IA_19047,US_IA_19047
US_IA_19049,US_IA_19049
US_IA_19051,US_IA_19051
US_IA_19053,US_IA_19053
US_IA_19055,US_IA_19055
US_IA_19057,US_IA_19057
US_IA_19059,US_IA_19059
US_IA_19061,US_IA_19061
US_IA_19063,US_IA_19063
US_IA_19065,US_IA_19065
US_IA_19067,US_IA_19067
US_IA_19069,US_IA_19069
US_IA_19071,US_IA_19071
US_IA_19073,US_IA_19073
US_IA_19075,US_IA_19075
US_IA_19077,US_IA_19077
US_IA_19079,US_IA_19079
US_IA_19081,US_IA_19081
US_IA_19083,US_IA_19083
US_IA_19085,US_IA_19085
US_IA_19087,US_IA_19087
US_IA_19089,US_IA_19089
US_IA_19091,US_IA_19091
US_IA_19093,US_IA_19093
US_IA_19095,US_IA_19095
US_IA_19097,US_IA_19097
US_IA_19099,US_IA_19099
US_IA_19101,US_IA_19101
US_IA_19103,US_IA_19103
US_IA_19105,US_IA_19105
US_IA_19107,US_IA_19107
US_IA_19109,US_IA_19109
US_IA_19111,US_IA_19111
US_IA_19113,US_IA_19113
US_IA_19115,US_IA_19115
US_IA_19117,US_IA_19117
US_IA_19119,US_IA_19119
US_IA_19121,US_IA_19121
US_IA_19123,US_IA_19123
US_IA_19125,US_IA_19125
US_IA_19127,US_IA_19127
US_IA_19129,US_IA_19129
US_IA_19131,US_IA_19131
US_IA_19133,US_IA_19133
US_IA_19135,US_IA_19135
US_IA_19137,US_IA_19137
US_IA_19139,US_IA_19139
US_IA_19141,US_IA_19141
US_IA_19143,US_IA_19143
US_IA_19145,US_IA_19145
US_IA_19147,US_IA_19147
US_IA_19149,US_IA_19149
US_IA_19151,US_IA_19151
US_IA_19153,US_IA_19153
US_IA_19155,US_IA_19155
US_IA_19157,US_IA_19157
US_IA_19159,US_IA_19159
US_IA_19161,US_IA_19161
US_IA_19163,US_IA_19163
US_IA_19165,US_IA_19165
US_IA_19167,US_IA_19167
US_IA_19169,US_IA_19169
US_IA_19171,US_IA_19171
US_IA_19173,US_IA_19173
US_IA_19175,US_IA_19175
US_IA_19177,US_IA_19177
US_IA_19179,US_IA_19179
US_IA_19181,US_IA_19181
US_IA_19183,US_IA_19183
US_IA_19185,US_IA_19185
US_IA_19187,US_IA_19187
US_IA_19189,US_IA_19189
US_IA_19191,US_IA_19191
US_IA_19193,US_IA_19193
US_IA_19195,US_IA_19195
US_IA_19197,US_IA_19197
US_KS,US_KS
US_KS_20001,US_KS_20001
US_KS_20003,US_KS_20003
US_KS_20005,US_KS_20005
US_KS_20007,US_KS_20007
US_KS_20009,US_KS_20009
US_KS_20011,US_KS_20011
US_KS_20013,US_KS_20013
US_KS_20015,US_KS_20015
US_KS_20017,US_KS_20017
US_KS_20019,US_KS_20019
US_KS_20021,US_KS_20021
US_KS_20023,US_KS_20023
US_KS_20025,US_KS_20025
US_KS_20027,US_KS_20027
US_KS_20029,US_KS_20029
US_KS_20031,US_KS_20031
US_KS_20033,US_KS_20033
US_KS_20035,US_KS_20035
US_KS_20037,US_KS_20037
US_KS_20039,US_KS_20039
US_KS_20041,US_KS_20041
US_KS_20043,US_KS_20043
US_KS_20045,US_KS_20045
US_KS_20047,US_KS_20047
US_KS_20049,US_KS_20049
US_KS_20051,US_KS_20051
US_KS_20053,US_KS_20053
US_KS_20055,US_KS_20055
US_KS_20057,US_KS_20057
US_KS_20059,US_KS_20059
US_KS_20061,US_KS_20061
US_KS_20063,US_KS_20063
US_KS_20065,US_KS_20065
US_KS_20067,US_KS_20067
US_KS_20069,US_KS_20069
US_KS_20071,US_KS_20071
US_KS_20073,US_KS_20073
US_KS_20075,US_KS_20075
US_KS_20077,US_KS_20077
US_KS_20079,US_KS_20079
US_KS_20081,US_KS_20081
US_KS_20083,US_KS_20083
US_KS_20085,US_KS_20085
US_KS_20087,US_KS_20087
US_KS_20089,US_KS_20089
US_KS_20091,US_KS_20091
US_KS_20093,US_KS_20093
US_KS_20095,US_KS_20095
US_KS_20097,US_KS_20097
US_KS_20099,US_KS_20099
US_KS_20101,US_KS_20101
US_KS_20103,US_KS_20103
US_KS_20105,US_KS_20105
US_KS_20107,US_KS_20107
US_KS_20109,US_KS_20109
US_KS_20111,US_KS_20111
US_KS_20113,US_KS_20113
US_KS_20115,US_KS_20115
US_KS_20117,US_KS_20117
US_KS_20119,US_KS_20119
US_KS_20121,US_KS_20121
US_KS_20123,US_KS_20123
US_KS_20125,US_KS_20125
US_KS_20127,US_KS_20127
US_KS_20129,US_KS_20129
US_KS_20131,US_KS_20131
US_KS_20133,US_KS_20133
US_KS_20135,US_KS_20135
US_KS_20137,US_KS_20137
US_KS_20139,US_KS_20139
US_KS_20141,US_KS_20141
US_KS_20143,US_KS_20143
US_KS_20145,US_KS_20145
US_KS_20147,US_KS_20147
US_KS_20149,US_KS_20149
US_KS_20151,US_KS_20151
US_KS_20153,US_KS_20153
US_KS_20155,US_KS_20155
US_KS_20157,US_KS_20157
US_KS_20159,US_KS_20159
US_KS_20161,US_KS_20161
US_KS_20163,US_KS_20163
US_KS_20165,US_KS_20165
US_KS_20167,US_KS_20167
US_KS_20169,US_KS_20169
US_KS_20171,US_KS_20171
US_KS_20173,US_KS_20173
US_KS_20175,US_KS_20175
US_KS_20177,US_KS_20177
US_KS_20179,US_KS_20179
US_KS_20181,US_KS_20181
US_KS_20183,US_KS_20183
US_KS_20185,US_KS_20185
US_KS_20187,US_KS_20187
US_KS_20189,US_KS_20189
US_KS_20191,US_KS_20191
US_KS_20193,US_KS_20193
US_KS_20195,US_KS_20195
US_KS_20197,US_KS_20197
US_KS_20199,US_KS_20199
US_KS_20201,US_KS_20201
US_KS_20203,US_KS_20203
US_KS_20205,US_KS_20205
US_KS_20207,US_KS_20207
US_KS_20209,US_KS_20209
US_KY,US_KY
US_KY_21001,US_KY_21001
US_KY_21003,US_KY_21003
US_KY_21005,US_KY_21005
US_KY_21007,US_KY_21007
US_KY_21009,US_KY_21009
US_KY_21011,US_KY_21011
US_KY_21013,US_KY_21013
US_KY_21015,US_KY_21015
US_KY_21017,US_KY_21017
US_KY_21019,US_KY_21019
US_KY_21021,US_KY_21021
US_KY_21023,US_KY_21023
US_KY_21025,US_KY_21025
US_KY_21027,US_KY_21027
US_KY_21029,US_KY_21029
US_KY_21031,US_KY_21031
US_KY_21033,US_KY_21033
US_KY_21035,US_KY_21035
US_KY_21037,US_KY_21037
US_KY_21039,US_KY_21039
US_KY_21041,US_KY_21041
US_KY_21043,US_KY_21043
US_KY_21045,US_KY_21045
US_KY_21047,US_KY_21047
US_KY_21049,US_KY_21049
US_KY_21051,US_KY_21051
US_KY_21053,US_KY_21053
US_KY_21055,US_KY_21055
US_KY_21057,US_KY_21057
US_KY_21059,US_KY_21059
US_KY_21061,US_KY_21061
US_KY_21063,US_KY_21063
US_KY_21065,US_KY_21065
US_KY_21067,US_KY_21067
US_KY_21069,US_KY_21069
US_KY_21071,US_KY_21071
US_KY_21073,US_KY_21073
US_KY_21075,US_KY_21075
US_KY_21077,US_KY_21077
US_KY_21079,US_KY_21079
US_KY_21081,US_KY_21081
US_KY_21083,US_KY_21083
US_KY_21085,US_KY_21085
US_KY_21087,US_KY_21087
US_KY_21089,US_KY_21089
US_KY_21091,US_KY_21091
US_KY_21093,US_KY_21093
US_KY_21095,US_KY_21095
US_KY_21097,US_KY_21097
US_KY_21099,US_KY_21099
US_KY_21101,US_KY_21101
US_KY_21103,US_KY_21103
US_KY_21105,US_KY_21105
US_KY_21107,US_KY_21107
US_KY_21109,US_KY_21109
US_KY_21111,US_KY_21111
US_KY_21113,US_KY_21113
US_KY_21115,US_KY_21115
US_KY_21117,US_KY_21117
US_KY_21119,US_KY_21119
US_KY_21121,US_KY_21121
US_KY_21123,US_KY_21123
US_KY_21125,US_KY_21125
US_KY_21127,US_KY_21127
US_KY_21129,US_KY_21129
US_KY_21131,US_KY_21131
US_KY_21133,US_KY_21133
US_KY_21135,US_KY_21135
US_KY_21137,US_KY_21137
US_KY_21139,US_KY_21139
US_KY_21141,US_KY_21141
US_KY_21143,US_KY_21143
US_KY_21145,US_KY_21145
US_KY_21147,US_KY_21147
US_KY_21149,US_KY_21149
US_KY_21151,US_KY_21151
US_KY_21153,US_KY_21153
US_KY_21155,US_KY_21155
US_KY_21157,US_KY_21157
US_KY_21159,US_KY_21159
US_KY_21161,US_KY_21161
US_KY_21163,US_KY_21163
US_KY_21165,US_KY_21165
US_KY_21167,US_KY_21167
US_KY_21169,US_KY_21169
US_KY_21171,US_KY_21171
US_KY_21173,US_KY_21173
US_KY_21175,US_KY_21175
US_KY_21177,US_KY_21177
US_KY_21179,US_KY_21179
US_KY_21181,US_KY_21181
US_KY_21183,US_KY_21183
US_KY_21185,US_KY_21185
US_KY_21187,US_KY_21187
US_KY_21189,US_KY_21189
US_KY_21191,US_KY_21191
US_KY_21193,US_KY_21193
US_KY_21195,US_KY_21195
US_KY_21197,US_KY_21197
US_KY_21199,US_KY_21199
US_KY_21201,US_KY_21201
US_KY_21203,US_KY_21203
US_KY_21205,US_KY_21205
US_KY_21207,US_KY_21207
US_KY_21209,US_KY_21209
US_KY_21211,US_KY_21211
US_KY_21213,US_KY_21213
US_KY_21215,US_KY_21215
US_KY_21217,US_KY_21217
US_KY_21219,US_KY_21219
US_KY_21221,US_KY_21221
US_KY_21223,US_KY_21223
US_KY_21225,US_KY_21225
US_KY_21227,US_KY_21227
US_KY_21229,US_KY_21229
US_KY_21231,US_KY_21231
US_KY_21233,US_KY_21233
US_KY_21235,US_KY_21235
US_KY_21237,US_KY_21237
US_KY_21239,US_KY_21239
US_LA,US_LA
US_LA_22001,US_LA_22001
US_LA_22003,US_LA_22003
US_LA_22005,US_LA_22005
US_LA_22007,US_LA_22007
US_LA_22009,US_LA_22009
US_LA_22011,US_LA_22011
US_LA_22013,US_LA_22013
US_LA_22015,US_LA_22015
US_LA_22017,US_LA_22017
US_LA_22019,US_LA_22019
US_LA_22021,US_LA_22021
US_LA_22023,US_LA_22023
US_LA_22025,US_LA_22025
US_LA_22027,US_LA_22027
US_LA_22029,US_LA_22029
US_LA_22031,US_LA_22031
US_LA_22033,US_LA_22033
US_LA_22035,US_LA_22035
US_LA_22037,US_LA_22037
US_LA_22039,US_LA_22039
US_LA_22041,US_LA_22041
US_LA_22043,US_LA_22043
US_LA_22045,US_LA_22045
US_LA_22047,US_LA_22047
US_LA_22049,US_LA_22049
US_LA_22051,US_LA_22051
US_LA_22053,US_LA_22053
US_LA_22055,US_LA_22055
US_LA_22057,US_LA_22057
US_LA_22059,US_LA_22059
US_LA_22061,US_LA_22061
US_LA_22063,US_LA_22063
US_LA_22065,US_LA_22065
US_LA_22067,US_LA_22067
US_LA_22069,US_LA_22069
US_LA_22071,US_LA_22071
US_LA_22073,US_LA_22073
US_LA_22075,US_LA_22075
US_LA_22077,US_LA_22077
US_LA_22079,US_LA_22079
US_LA_22081,US_LA_22081
US_LA_22083,US_LA_22083
US_LA_22085,US_LA_22085
US_LA_22087,US_LA_22087
US_LA_22089,US_LA_22089
US_LA_22091,US_LA_22091
US_LA_22093,US_LA_22093
US_LA_22095,US_LA_22095
US_LA_22097,US_LA_22097
US_LA_22099,US_LA_22099
US_LA_22101,US_LA_22101
US_LA_22103,US_LA_22103
US_LA_22105,US_LA_22105
US_LA_22107,US_LA_22107
US_LA_22109,US_LA_22109
US_LA_22111,US_LA_22111
US_LA_22113,US_LA_22113
US_LA_22115,US_LA_22115
US_LA_22117,US_LA_22117
US_LA_22119,US_LA_22119
US_LA_22121,US_LA_22121
US_LA_22123,US_LA_22123
US_LA_22125,US_LA_22125
US_LA_22127,US_LA_22127
US_ME,US_ME
US_ME_23001,US_ME_23001
US_ME_23003,US_ME_23003
US_ME_23005,US_ME_23005
US_ME_23007,US_ME_23007
US_ME_23009,US_ME_23009
US_ME_23011,US_ME_23011
US_ME_23013,US_ME_23013
US_ME_23015,US_ME_23015
US_ME_23017,US_ME_23017
US_ME_23019,US_ME_23019
US_ME_23021,US_ME_23021
US_ME_23023,US_ME_23023
US_ME_23025,US_ME_23025
US_ME_23027,US_ME_23027
US_ME_23029,US_ME_23029
US_ME_23031,US_ME_23031
US_MD,US_MD
US_MD_24001,US_MD_24001
US_MD_24003,US_MD_24003
US_MD_24005,US_MD_24005
US_MD_24009,US_MD_24009
US_MD_24011,US_MD_24011
US_MD_24013,US_MD_24013
US_MD_24015,US_MD_24015
US_MD_24017,US_MD_24017
US_MD_24019,US_MD_24019
US_MD_24021,US_MD_24021
US_MD_24023,US_MD_24023
US_MD_24025,US_MD_24025
US_MD_24027,US_MD_24027
US_MD_24029,US_MD_24029
US_MD_24031,US_MD_24031
US_MD_24033,US_MD_24033
US_MD_24035,US_MD_24035
US_MD_24037,US_MD_24037
US_MD_24039,US_MD_24039
US_MD_24041,US_MD_24041
US_MD_24043,US_MD_24043
US_MD_24045,US_MD_24045
US_MD_24047,US_MD_24047
US_MD_24510,US_MD_24510
US_MA,US_MA
US_MA_25001,US_MA_25001
US_MA_25003,US_MA_25003
US_MA_25005,US_MA_25005
US_MA_25007,US_MA_25007
US_MA_25009,US_MA_25009
US_MA_25011,US_MA_25011
US_MA_25013,US_MA_25013
US_MA_25015,US_MA_25015
US_MA_25017,US_MA_25017
US_MA_25019,US_MA_25019
US_MA_25021,US_MA_25021
US_MA_25023,US_MA_25023
US_MA_25025,US_MA_25025
US_MA_25027,US_MA_25027
US_MI,US_MI
US_MI_26001,US_MI_26001
US_MI_26003,US_MI_26003
US_MI_26005,US_MI_26005
US_MI_26007,US_MI_26007
US_MI_26009,US_MI_26009
US_MI_26011,US_MI_26011
US_MI_26013,US_MI_26013
US_MI_26015,US_MI_26015
US_MI_26017,US_MI_26017
US_MI_26019,US_MI_26019
US_MI_26021,US_MI_26021
US_MI_26023,US_MI_26023
US_MI_26025,US_MI_26025
US_MI_26027,US_MI_26027
US_MI_26029,US_MI_26029
US_MI_26031,US_MI_26031
US_MI_26033,US_MI_26033
US_MI_26035,US_MI_26035
US_MI_26037,US_MI_26037
US_MI_26039,US_MI_26039
US_MI_26041,US_MI_26041
US_MI_26043,US_MI_26043
US_MI_26045,US_MI_26045
US_MI_26047,US_MI_26047
US_MI_26049,US_MI_26049
US_MI_26051,US_MI_26051
US_MI_26053,US_MI_26053
US_MI_26055,US_MI_26055
US_MI_26057,US_MI_26057
US_MI_26059,US_MI_26059
US_MI_26061,US_MI_26061
US_MI_26063,US_MI_26063
US_MI_26065,US_MI_26065
US_MI_26067,US_MI_26067
US_MI_26069,US_MI_26069
US_MI_26071,US_MI_26071
US_MI_26073,US_MI_26073
US_MI_26075,US_MI_26075
US_MI_26077,US_MI_26077
US_MI_26079,US_MI_26079
US_MI_26081,US_MI_26081
US_MI_26083,US_MI_26083
US_MI_26085,US_MI_26085
US_MI_26087,US_MI_26087
US_MI_26089,US_MI_26089
US_MI_26091,US_MI_26091
US_MI_26093,US_MI_26093
US_MI_26095,US_MI_26095
US_MI_26097,US_MI_26097
US_MI_26099,US_MI_26099
US_MI_26101,US_MI_26101
US_MI_26103,US_MI_26103
US_MI_26105,US_MI_26105
US_MI_26107,US_MI_26107
US_MI_26109,US_MI_26109
US_MI_26111,US_MI_26111
US_MI_26113,US_MI_26113
US_MI_26115,US_MI_26115
US_MI_26117,US_MI_26117
US_MI_26119,US_MI_26119
US_MI_26121,US_MI_26121
US_MI_26123,US_MI_26123
US_MI_26125,US_MI_26125
US_MI_26127,US_MI_26127
US_MI_26129,US_MI_26129
US_MI_26131,US_MI_26131
US_MI_26133,US_MI_26133
US_MI_26135,US_MI_26135
US_MI_26137,US_MI_26137
US_MI_26139,US_MI_26139
US_MI_26141,US_MI_26141
US_MI_26143,US_MI_26143
US_MI_26145,US_MI_26145
US_MI_26147,US_MI_26147
US_MI_26149,US_MI_26149
US_MI_26151,US_MI_26151
US_MI_26153,US_MI_26153
US_MI_26155,US_MI_26155
US_MI_26157,US_MI_26157
US_MI_26159,US_MI_26159
US_MI_26161,US_MI_26161
US_MI_26163,US_MI_26163
US_MI_26165,US_MI_26165
US_MN,US_MN
US_MN_27001,US_MN_27001
US_MN_27003,US_MN_27003
US_MN_27005,US_MN_27005
US_MN_27007,US_MN_27007
US_MN_27009,US_MN_27009
US_MN_27011,US_MN_27011
US_MN_27013,US_MN_27013
US_MN_27015,US_MN_27015
US_MN_27017,US_MN_27017
US_MN_27019,US_MN_27019
US_MN_27021,US_MN_27021
US_MN_27023,US_MN_27023
US_MN_27025,US_MN_27025
US_MN_27027,US_MN_27027
US_MN_27029,US_MN_27029
US_MN_27031,US_MN_27031
US_MN_27033,US_MN_27033
US_MN_27035,US_MN_27035
US_MN_27037,US_MN_27037
US_MN_27039,US_MN_27039
US_MN_27041,US_MN_27041
US_MN_27043,US_MN_27043
US_MN_27045,US_MN_27045
US_MN_27047,US_MN_27047
US_MN_27049,US_MN_27049
US_MN_27051,US_MN_27051
US_MN_27053,US_MN_27053
US_MN_27055,US_MN_27055
US_MN_27057,US_MN_27057
US_MN_27059,US_MN_27059
US_MN_27061,US_MN_27061
US_MN_27063,US_MN_27063
US_MN_27065,US_MN_27065
US_MN_27067,US_MN_27067
US_MN_27069,US_MN_27069
US_MN_27071,US_MN_27071
US_MN_27073,US_MN_27073
US_MN_27075,US_MN_27075
US_MN_27077,US_MN_27077
US_MN_27079,US_MN_27079
US_MN_27081,US_MN_27081
US_MN_27083,US_MN_27083
US_MN_27085,US_MN_27085
US_MN_27087,US_MN_27087
US_MN_27089,US_MN_27089
US_MN_27091,US_MN_27091
US_MN_27093,US_MN_27093
US_MN_27095,US_MN_27095
US_MN_27097,US_MN_27097
US_MN_27099,US_MN_27099
US_MN_27101,US_MN_27101
US_MN_27103,US_MN_27103
US_MN_27105,US_MN_27105
US_MN_27107,US_MN_27107
US_MN_27109,US_MN_27109
US_MN_27111,US_MN_27111
US_MN_27113,US_MN_27113
US_MN_27115,US_MN_27115
US_MN_27117,US_MN_27117
US_MN_27119,US_MN_27119
US_MN_27121,US_MN_27121
US_MN_27123,US_MN_27123
US_MN_27125,US_MN_27125
US_MN_27127,US_MN_27127
US_MN_27129,US_MN_27129
US_MN_27131,US_MN_27131
US_MN_27133,US_MN_27133
US_MN_27135,US_MN_27135
US_MN_27137,US_MN_27137
US_MN_27139,US_MN_27139
US_MN_27141,US_MN_27141
US_MN_27143,US_MN_27143
US_MN_27145,US_MN_27145
US_MN_27147,US_MN_27147
US_MN_27149,US_MN_27149
US_MN_27151,US_MN_27151
US_MN_27153,US_MN_27153
US_MN_27155,US_MN_27155
US_MN_27157,US_MN_27157
US_MN_27159,US_MN_27159
US_MN_27161,US_MN_27161
US_MN_27163,US_MN_27163
US_MN_27165,US_MN_27165
US_MN_27167,US_MN_27167
US_MN_27169,US_MN_27169
US_MN_27171,US_MN_27171
US_MN_27173,US_MN_27173
US_MS,US_MS
US_MS_28001,US_MS_28001
US_MS_28003,US_MS_28003
US_MS_28005,US_MS_28005
US_MS_28007,US_MS_28007
US_MS_28009,US_MS_28009
US_MS_28011,US_MS_28011
US_MS_28013,US_MS_28013
US_MS_28015,US_MS_28015
US_MS_28017,US_MS_28017
US_MS_28019,US_MS_28019
US_MS_28021,US_MS_28021
US_MS_28023,US_MS_28023
US_MS_28025,US_MS_28025
US_MS_28027,US_MS_28027
US_MS_28029,US_MS_28029
US_MS_28031,US_MS_28031
US_MS_28033,US_MS_28033
US_MS_28035,US_MS_28035
US_MS_28037,US_MS_28037
US_MS_28039,US_MS_28039
US_MS_28041,US_MS_28041
US_MS_28043,US_MS_28043
US_MS_28045,US_MS_28045
US_MS_28047,US_MS_28047
US_MS_28049,US_MS_28049
US_MS_28051,US_MS_28051
US_MS_28053,US_MS_28053
US_MS_28055,US_MS_28055
US_MS_28057,US_MS_28057
US_MS_28059,US_MS_28059
US_MS_28061,US_MS_28061
US_MS_28063,US_MS_28063
US_MS_28065,US_MS_28065
US_MS_28067,US_MS_28067
US_MS_28069,US_MS_28069
US_MS_28071,US_MS_28071
US_MS_28073,US_MS_28073
US_MS_28075,US_MS_28075
US_MS_28077,US_MS_28077
US_MS_28079,US_MS_28079
US_MS_28081,US_MS_28081
US_MS_28083,US_MS_28083
US_MS_28085,US_MS_28085
US_MS_28087,US_MS_28087
US_MS_28089,US_MS_28089
US_MS_28091,US_MS_28091
US_MS_28093,US_MS_28093
US_MS_28095,US_MS_28095
US_MS_28097,US_MS_28097
US_MS_28099,US_MS_28099
US_MS_28101,US_MS_28101
US_MS_28103,US_MS_28103
US_MS_28105,US_MS_28105
US_MS_28107,US_MS_28107
US_MS_28109,US_MS_28109
US_MS_28111,US_MS_28111
US_MS_28113,US_MS_28113
US_MS_28115,US_MS_28115
US_MS_28117,US_MS_28117
US_MS_28119,US_MS_28119
US_MS_28121,US_MS_28121
US_MS_28123,US_MS_28123
US_MS_28125,US_MS_28125
US_MS_28127,US_MS_28127
US_MS_28129,US_MS_28129
US_MS_28131,US_MS_28131
US_MS_28133,US_MS_28133
US_MS_28135,US_MS_28135
US_MS_28137,US_MS_28137
US_MS_28139,US_MS_28139
US_MS_28141,US_MS_28141
US_MS_28143,US_MS_28143
US_MS_28145,US_MS_28145
US_MS_28147,US_MS_28147
US_MS_28149,US_MS_28149
US_MS_28151,US_MS_28151
US_MS_28153,US_MS_28153
US_MS_28155,US_MS_28155
US_MS_28157,US_MS_28157
US_MS_28159,US_MS_28159
US_MS_28161,US_MS_28161
US_MS_28163,US_MS_28163
US_MO,US_MO
US_MO_29001,US_MO_29001
US_MO_29003,US_MO_29003
US_MO_29005,US_MO_29005
US_MO_29007,US_MO_29007
US_MO_29009,US_MO_29009
US_MO_29011,US_MO_29011
US_MO_29013,US_MO_29013
US_MO_29015,US_MO_29015
US_MO_29017,US_MO_29017
US_MO_29019,US_MO_29019
US_MO_29021,US_MO_29021
US_MO_29023,US_MO_29023
US_MO_29025,US_MO_29025
US_MO_29027,US_MO_29027
US_MO_29029,US_MO_29029
US_MO_29031,US_MO_29031
US_MO_29033,US_MO_29033
US_MO_29035,US_MO_29035
US_MO_29037,US_MO_29037
US_MO_29039,US_MO_29039
US_MO_29041,US_MO_29041
US_MO_29043,US_MO_29043
US_MO_29045,US_MO_29045
US_MO_29047,US_MO_29047
US_MO_29049,US_MO_29049
US_MO_29051,US_MO_29051
US_MO_29053,US_MO_29053
US_MO_29055,US_MO_29055
US_MO_29057,US_MO_29057
US_MO_29059,US_MO_29059
US_MO_29061,US_MO_29061
US_MO_29063,US_MO_29063
US_MO_29065,US_MO_29065
US_MO_29067,US_MO_29067
US_MO_29069,US_MO_29069
US_MO_29071,US_MO_29071
US_MO_29073,US_MO_29073
US_MO_29075,US_MO_29075
US_MO_29077,US_MO_29077
US_MO_29079,US_MO_29079
US_MO_29081,US_MO_29081
US_MO_29083,US_MO_29083
US_MO_29085,US_MO_29085
US_MO_29087,US_MO_29087
US_MO_29089,US_MO_29089
US_MO_29091,US_MO_29091
US_MO_29093,US_MO_29093
US_MO_29095,US_MO_29095
US_MO_29097,US_MO_29097
US_MO_29099,US_MO_29099
US_MO_29101,US_MO_29101
US_MO_29103,US_MO_29103
US_MO_29105,US_MO_29105
US_MO_29107,US_MO_29107
US_MO_29109,US_MO_29109
US_MO_29111,US_MO_29111
US_MO_29113,US_MO_29113
US_MO_29115,US_MO_29115
US_MO_29117,US_MO_29117
US_MO_29119,US_MO_29119
US_MO_29121,US_MO_29121
US_MO_29123,US_MO_29123
US_MO_29125,US_MO_29125
US_MO_29127,US_MO_29127
US_MO_29129,US_MO_29129
US_MO_29131,US_MO_29131
US_MO_29133,US_MO_29133
US_MO_29135,US_MO_29135
US_MO_29137,US_MO_29137
US_MO_29139,US_MO_29139
US_MO_29141,US_MO_29141
US_MO_29143,US_MO_29143
US_MO_29145,US_MO_29145
US_MO_29147,US_MO_29147
US_MO_29149,US_MO_29149
US_MO_29151,US_MO_29151
US_MO_29153,US_MO_29153
US_MO_29155,US_MO_29155
US_MO_29157,US_MO_29157
US_MO_29159,US_MO_29159
US_MO_29161,US_MO_29161
US_MO_29163,US_MO_29163
US_MO_29165,US_MO_29165
US_MO_29167,US_MO_29167
US_MO_29169,US_MO_29169
US_MO_29171,US_MO_29171
US_MO_29173,US_MO_29173
US_MO_29175,US_MO_29175
US_MO_29177,US_MO_29177
US_MO_29179,US_MO_29179
US_MO_29181,US_MO_29181
US_MO_29183,US_MO_29183
US_MO_29185,US_MO_29185
US_MO_29186,US_MO_29186
US_MO_29187,US_MO_29187
US_MO_29189,US_MO_29189
US_MO_29195,US_MO_29195
US_MO_29197,US_MO_29197
US_MO_29199,US_MO_29199
US_MO_29201,US_MO_29201
US_MO_29203,US_MO_29203
US_MO_29205,US_MO_29205
US_MO_29207,US_MO_29207
US_MO_29209,US_MO_29209
US_MO_29211,US_MO_29211
US_MO_29213,US_MO_29213
US_MO_29215,US_MO_29215
US_MO_29217,US_MO_29217
US_MO_29219,US_MO_29219
US_MO_29221,US_MO_29221
US_MO_29223,US_MO_29223
US_MO_29225,US_MO_29225
US_MO_29227,US_MO_29227
US_MO_29229,US_MO_29229
US_MO_29510,US_MO_29510
US_MT,US_MT
US_MT_30001,US_MT_30001
US_MT_30003,US_MT_30003
US_MT_30005,US_MT_30005
US_MT_30007,US_MT_30007
US_MT_30009,US_MT_30009
US_MT_30011,US_MT_30011
US_MT_30013,US_MT_30013
US_MT_30015,US_MT_30015
US_MT_30017,US_MT_30017
US_MT_30019,US_MT_30019
US_MT_30021,US_MT_30021
US_MT_30023,US_MT_30023
US_MT_30025,US_MT_30025
US_MT_30027,US_MT_30027
US_MT_30029,US_MT_30029
US_MT_30031,US_MT_30031
US_MT_30033,US_MT_30033
US_MT_30035,US_MT_30035
US_MT_30037,US_MT_30037
US_MT_30039,US_MT_30039
US_MT_30041,US_MT_30041
US_MT_30043,US_MT_30043
US_MT_30045,US_MT_30045
US_MT_30047,US_MT_30047
US_MT_30049,US_MT_30049
US_MT_30051,US_MT_30051
US_MT_30053,US_MT_30053
US_MT_30055,US_MT_30055
US_MT_30057,US_MT_30057
US_MT_30059,US_MT_30059
US_MT_30061,US_MT_30061
US_MT_30063,US_MT_30063
US_MT_30065,US_MT_30065
US_MT_30067,US_MT_30067
US_MT_30069,US_MT_30069
US_MT_30071,US_MT_30071
US_MT_30073,US_MT_30073
US_MT_30075,US_MT_30075
US_MT_30077,US_MT_30077
US_MT_30079,US_MT_30079
US_MT_30081,US_MT_30081
US_MT_30083,US_MT_30083
US_MT_30085,US_MT_30085
US_MT_30087,US_MT_30087
US_MT_30089,US_MT_30089
US_MT_30091,US_MT_30091
US_MT_30093,US_MT_30093
US_MT_30095,US_MT_30095
US_MT_30097,US_MT_30097
US_MT_30099,US_MT_30099
US_MT_30101,US_MT_30101
US_MT_30103,US_MT_30103
US_MT_30105,US_MT_30105
US_MT_30107,US_MT_30107
US_MT_30109,US_MT_30109
US_MT_30111,US_MT_30111
US_NE,US_NE
US_NE_31001,US_NE_31001
US_NE_31003,US_NE_31003
US_NE_31005,US_NE_31005
US_NE_31007,US_NE_31007
US_NE_31009,US_NE_31009
US_NE_31011,US_NE_31011
US_NE_31013,US_NE_31013
US_NE_31015,US_NE_31015
US_NE_31017,US_NE_31017
US_NE_31019,US_NE_31019
US_NE_31021,US_NE_31021
US_NE_31023,US_NE_31023
US_NE_31025,US_NE_31025
US_NE_31027,US_NE_31027
US_NE_31029,US_NE_31029
US_NE_31031,US_NE_31031
US_NE_31033,US_NE_31033
US_NE_31035,US_NE_31035
US_NE_31037,US_NE_31037
US_NE_31039,US_NE_31039
US_NE_31041,US_NE_31041
US_NE_31043,US_NE_31043
US_NE_31045,US_NE_31045
US_NE_31047,US_NE_31047
US_NE_31049,US_NE_31049
US_NE_31051,US_NE_31051
US_NE_31053,US_NE_31053
US_NE_31055,US_NE_31055
US_NE_31057,US_NE_31057
US_NE_31059,US_NE_31059
US_NE_31061,US_NE_31061
US_NE_31063,US_NE_31063
US_NE_31065,US_NE_31065
US_NE_31067,US_NE_31067
US_NE_31069,US_NE_31069
US_NE_31071,US_NE_31071
US_NE_31073,US_NE_31073
US_NE_31075,US_NE_31075
US_NE_31077,US_NE_31077
US_NE_31079,US_NE_31079
US_NE_31081,US_NE_31081
US_NE_31083,US_NE_31083
US_NE_31085,US_NE_31085
US_NE_31087,US_NE_31087
US_NE_31089,US_NE_31089
US_NE_31091,US_NE_31091
US_NE_31093,US_NE_31093
US_NE_31095,US_NE_31095
US_NE_31097,US_NE_31097
US_NE_31099,US_NE_31099
US_NE_31101,US_NE_31101
US_NE_31103,US_NE_31103
US_NE_31105,US_NE_31105
US_NE_31107,US_NE_31107
US_NE_31109,US_NE_31109
US_NE_31111,US_NE_31111
US_NE_31113,US_NE_31113
US_NE_31115,US_NE_31115
US_NE_31117,US_NE_31117
US_NE_31119,US_NE_31119
US_NE_31121,US_NE_31121
US_NE_31123,US_NE_31123
US_NE_31125,US_NE_31125
US_NE_31127,US_NE_31127
US_NE_31129,US_NE_31129
US_NE_31131,US_NE_31131
US_NE_31133,US_NE_31133
US_NE_31135,US_NE_31135
US_NE_31137,US_NE_31137
US_NE_31139,US_NE_31139
US_NE_31141,US_NE_31141
US_NE_31143,US_NE_31143
US_NE_31145,US_NE_31145
US_NE_31147,US_NE_31147
US_NE_31149,US_NE_31149
US_NE_31151,US_NE_31151
US_NE_31153,US_NE_31153
US_NE_31155,US_NE_31155
US_NE_31157,US_NE_31157
US_NE_31159,US_NE_31159
US_NE_31161,US_NE_31161
US_NE_31163,US_NE_31163
US_NE_31165,US_NE_31165
US_NE_31167,US_NE_31167
US_NE_31169,US_NE_31169
US_NE_31171,US_NE_31171
US_NE_31173,US_NE_31173
US_NE_31175,US_NE_31175
US_NE_31177,US_NE_31177
US_NE_31179,US_NE_31179
US_NE_31181,US_NE_31181
US_NE_31183,US_NE_31183
US_NE_31185,US_NE_31185
US_NV,US_NV
US_NV_32001,US_NV_32001
US_NV_32003,US_NV_32003
US_NV_32005,US_NV_32005
US_NV_32007,US_NV_32007
US_NV_32009,US_NV_32009
US_NV_32011,US_NV_32011
US_NV_32013,US_NV_32013
US_NV_32015,US_NV_32015
US_NV_32017,US_NV_32017
US_NV_32019,US_NV_32019
US_NV_32021,US_NV_32021
US_NV_32023,US_NV_32023
US_NV_32027,US_NV_32027
US_NV_32029,US_NV_32029
US_NV_32031,US_NV_32031
US_NV_32033,US_NV_32033
US_NV_32510,US_NV_32510
US_NH,US_NH
US_NH_33001,US_NH_33001
US_NH_33003,US_NH_33003
US_NH_33005,US_NH_33005
US_NH_33007,US_NH_33007
US_NH_33009,US_NH_33009
US_NH_33011,US_NH_33011
US_NH_33013,US_NH_33013
US_NH_33015,US_NH_33015
US_NH_33017,US_NH_33017
US_NH_33019,US_NH_33019
US_NJ,US_NJ
US_NJ_34001,US_NJ_34001
US_NJ_34003,US_NJ_34003
US_NJ_34005,US_NJ_34005
US_NJ_34007,US_NJ_34007
US_NJ_34009,US_NJ_34009
US_NJ_34011,US_NJ_34011
US_NJ_34013,US_NJ_34013
US_NJ_34015,US_NJ_34015
US_NJ_34017,US_NJ_34017
US_NJ_34019,US_NJ_34019
US_NJ_34021,US_NJ_34021
US_NJ_34023,US_NJ_34023
US_NJ_34025,US_NJ_34025
US_NJ_34027,US_NJ_34027
US_NJ_34029,US_NJ_34029
US_NJ_34031,US_NJ_34031
US_NJ_34033,US_NJ_34033
US_NJ_34035,US_NJ_34035
US_NJ_34037,US_NJ_34037
US_NJ_34039,US_NJ_34039
US_NJ_34041,US_NJ_34041
US_NM,US_NM
US_NM_35001,US_NM_35001
US_NM_35003,US_NM_35003
US_NM_35005,US_NM_35005
US_NM_35006,US_NM_35006
US_NM_35007,US_NM_35007
US_NM_35009,US_NM_35009
US_NM_35011,US_NM_35011
US_NM_35013,US_NM_35013
US_NM_35015,US_NM_35015
US_NM_35017,US_NM_35017
US_NM_35019,US_NM_35019
US_NM_35021,US_NM_35021
US_NM_35023,US_NM_35023
US_NM_35025,US_NM_35025
US_NM_35027,US_NM_35027
US_NM_35028,US_NM_35028
US_NM_35029,US_NM_35029
US_NM_35031,US_NM_35031
US_NM_35033,US_NM_35033
US_NM_35035,US_NM_35035
US_NM_35037,US_NM_35037
US_NM_35039,US_NM_35039
US_NM_35041,US_NM_35041
US_NM_35043,US_NM_35043
US_NM_35045,US_NM_35045
US_NM_35047,US_NM_35047
US_NM_35049,US_NM_35049
US_NM_35051,US_NM_35051
US_NM_35053,US_NM_35053
US_NM_35055,US_NM_35055
US_NM_35057,US_NM_35057
US_NM_35059,US_NM_35059
US_NM_35061,US_NM_35061
US_NY,US_NY
US_NY_36001,US_NY_36001
US_NY_36003,US_NY_36003
US_NY_36005,US_NY_36005
US_NY_36007,US_NY_36007
US_NY_36009,US_NY_36009
US_NY_36011,US_NY_36011
US_NY_36013,US_NY_36013
US_NY_36015,US_NY_36015
US_NY_36017,US_NY_36017
US_NY_36019,US_NY_36019
US_NY_36021,US_NY_36021
US_NY_36023,US_NY_36023
US_NY_36025,US_NY_36025
US_NY_36027,US_NY_36027
US_NY_36029,US_NY_36029
US_NY_36031,US_NY_36031
US_NY_36033,US_NY_36033
US_NY_36035,US_NY_36035
US_NY_36037,US_NY_36037
US_NY_36039,US_NY_36039
US_NY_36041,US_NY_36041
US_NY_36043,US_NY_36043
US_NY_36045,US_NY_36045
US_NY_36047,US_NY_36047
US_NY_36049,US_NY_36049
US_NY_36051,US_NY_36051
US_NY_36053,US_NY_36053
US_NY_36055,US_NY_36055
US_NY_36057,US_NY_36057
US_NY_36059,US_NY_36059
US_NY_36061,US_NY_36061
US_NY_36063,US_NY_36063
US_NY_36065,US_NY_36065
US_NY_36067,US_NY_36067
US_NY_36069,US_NY_36069
US_NY_36071,US_NY_36071
US_NY_36073,US_NY_36073
US_NY_36075,US_NY_36075
US_NY_36077,US_NY_36077
US_NY_36079,US_NY_36079
US_NY_36081,US_NY_36081
US_NY_36083,US_NY_36083
US_NY_36085,US_NY_36085
US_NY_36087,US_NY_36087
US_NY_36089,US_NY_36089
US_NY_36091,US_NY_36091
US_NY_36093,US_NY_36093
US_NY_36095,US_NY_36095
US_NY_36097,US_NY_36097
US_NY_36099,US_NY_36099
US_NY_36101,US_NY_36101
US_NY_36103,US_NY_36103
US_NY_36105,US_NY_36105
US_NY_36107,US_NY_36107
US_NY_36109,US_NY_36109
US_NY_36111,US_NY_36111
US_NY_36113,US_NY_36113
US_NY_36115,US_NY_36115
US_NY_36117,US_NY_36117
US_NY_36119,US_NY_36119
US_NY_36121,US_NY_36121
US_NY_36123,US_NY_36123
US_NC,US_NC
US_NC_37001,US_NC_37001
US_NC_37003,US_NC_37003
US_NC_37005,US_NC_37005
US_NC_37007,US_NC_37007
US_NC_37009,US_NC_37009
US_NC_37011,US_NC_37011
US_NC_37013,US_NC_37013
US_NC_37015,US_NC_37015
US_NC_37017,US_NC_37017
US_NC_37019,US_NC_37019
US_NC_37021,US_NC_37021
US_NC_37023,US_NC_37023
US_NC_37025,US_NC_37025
US_NC_37027,US_NC_37027
US_NC_37029,US_NC_37029
US_NC_37031,US_NC_37031
US_NC_37033,US_NC_37033
US_NC_37035,US_NC_37035
US_NC_37037,US_NC_37037
US_NC_37039,US_NC_37039
US_NC_37041,US_NC_37041
US_NC_37043,US_NC_37043
US_NC_37045,US_NC_37045
US_NC_37047,US_NC_37047
US_NC_37049,US_NC_37049
US_NC_37051,US_NC_37051
US_NC_37053,US_NC_37053
US_NC_37055,US_NC_37055
US_NC_37057,US_NC_37057
US_NC_37059,US_NC_37059
US_NC_37061,US_NC_37061
US_NC_37063,US_NC_37063
US_NC_37065,US_NC_37065
US_NC_37067,US_NC_37067
US_NC_37069,US_NC_37069
US_NC_37071,US_NC_37071
US_NC_37073,US_NC_37073
US_NC_37075,US_NC_37075
US_NC_37077,US_NC_37077
US_NC_37079,US_NC_37079
US_NC_37081,US_NC_37081
US_NC_37083,US_NC_37083
US_NC_37085,US_NC_37085
US_NC_37087,US_NC_37087
US_NC_37089,US_NC_37089
US_NC_37091,US_NC_37091
US_NC_37093,US_NC_37093
US_NC_37095,US_NC_37095
US_NC_37097,US_NC_37097
US_NC_37099,US_NC_37099
US_NC_37101,US_NC_37101
US_NC_37103,US_NC_37103
US_NC_37105,US_NC_37105
US_NC_37107,US_NC_37107
US_NC_37109,US_NC_37109
US_NC_37111,US_NC_37111
US_NC_37113,US_NC_37113
US_NC_37115,US_NC_37115
US_NC_37117,US_NC_37117
US_NC_37119,US_NC_37119
US_NC_37121,US_NC_37121
US_NC_37123,US_NC_37123
US_NC_37125,US_NC_37125
US_NC_37127,US_NC_37127
US_NC_37129,US_NC_37129
US_NC_37131,US_NC_37131
US_NC_37133,US_NC_37133
US_NC_37135,US_NC_37135
US_NC_37137,US_NC_37137
US_NC_37139,US_NC_37139
US_NC_37141,US_NC_37141
US_NC_37143,US_NC_37143
US_NC_37145,US_NC_37145
US_NC_37147,US_NC_37147
US_NC_37149,US_NC_37149
US_NC_37151,US_NC_37151
US_NC_37153,US_NC_37153
US_NC_37155,US_NC_37155
US_NC_37157,US_NC_37157
US_NC_37159,US_NC_37159
US_NC_37161,US_NC_37161
US_NC_37163,US_NC_37163
US_NC_37165,US_NC_37165
US_NC_37167,US_NC_37167
US_NC_37169,US_NC_37169
US_NC_37171,US_NC_37171
US_NC_37173,US_NC_37173
US_NC_37175,US_NC_37175
US_NC_37177,US_NC_37177
US_NC_37179,US_NC_37179
US_NC_37181,US_NC_37181
US_NC_37183,US_NC_37183
US_NC_37185,US_NC_37185
US_NC_37187,US_NC_37187
US_NC_37189,US_NC_37189
US_NC_37191,US_NC_37191
US_NC_37193,US_NC_37193
US_NC_37195,US_NC_37195
US_NC_37197,US_NC_37197
US_NC_37199,US_NC_37199
US_ND,US_ND
US_ND_38001,US_ND_38001
US_ND_38003,US_ND_38003
US_ND_38005,US_ND_38005
US_ND_38007,US_ND_38007
US_ND_38009,US_ND_38009
US_ND_38011,US_ND_38011
US_ND_38013,US_ND_38013
US_ND_38015,US_ND_38015
US_ND_38017,US_ND_38017
US_ND_38019,US_ND_38019
US_ND_38021,US_ND_38021
US_ND_38023,US_ND_38023
US_ND_38025,US_ND_38025
US_ND_38027,US_ND_38027
US_ND_38029,US_ND_38029
US_ND_38031,US_ND_38031
US_ND_38033,US_ND_38033
US_ND_38035,US_ND_38035
US_ND_38037,US_ND_38037
US_ND_38039,US_ND_38039
US_ND_38041,US_ND_38041
US_ND_38043,US_ND_38043
US_ND_38045,US_ND_38045
US_ND_38047,US_ND_38047
US_ND_38049,US_ND_38049
US_ND_38051,US_ND_38051
US_ND_38053,US_ND_38053
US_ND_38055,US_ND_38055
US_ND_38057,US_ND_38057
US_ND_38059,US_ND_38059
US_ND_38061,US_ND_38061
US_ND_38063,US_ND_38063
US_ND_38065,US_ND_38065
US_ND_38067,US_ND_38067
US_ND_38069,US_ND_38069
US_ND_38071,US_ND_38071
US_ND_38073,US_ND_38073
US_ND_38075,US_ND_38075
US_ND_38077,US_ND_38077
US_ND_38079,US_ND_38079
US_ND_38081,US_ND_38081
US_ND_38083,US_ND_38083
US_ND_38085,US_ND_38085
US_ND_38087,US_ND_38087
US_ND_38089,US_ND_38089
US_ND_38091,US_ND_38091
US_ND_38093,US_ND_38093
US_ND_38095,US_ND_38095
US_ND_38097,US_ND_38097
US_ND_38099,US_ND_38099
US_ND_38101,US_ND_38101
US_ND_38103,US_ND_38103
US_ND_38105,US_ND_38105
US_OH,US_OH
US_OH_39001,US_OH_39001
US_OH_39003,US_OH_39003
US_OH_39005,US_OH_39005
US_OH_39007,US_OH_39007
US_OH_39009,US_OH_39009
US_OH_39011,US_OH_39011
US_OH_39013,US_OH_39013
US_OH_39015,US_OH_39015
US_OH_39017,US_OH_39017
US_OH_39019,US_OH_39019
US_OH_39021,US_OH_39021
US_OH_39023,US_OH_39023
US_OH_39025,US_OH_39025
US_OH_39027,US_OH_39027
US_OH_39029,US_OH_39029
US_OH_39031,US_OH_39031
US_OH_39033,US_OH_39033
US_OH_39035,US_OH_39035
US_OH_39037,US_OH_39037
US_OH_39039,US_OH_39039
US_OH_39041,US_OH_39041
US_OH_39043,US_OH_39043
US_OH_39045,US_OH_39045
US_OH_39047,US_OH_39047
US_OH_39049,US_OH_39049
US_OH_39051,US_OH_39051
US_OH_39053,US_OH_39053
US_OH_39055,US_OH_39055
US_OH_39057,US_OH_39057
US_OH_39059,US_OH_39059
US_OH_39061,US_OH_39061
US_OH_39063,US_OH_39063
US_OH_39065,US_OH_39065
US_OH_39067,US_OH_39067
US_OH_39069,US_OH_39069
US_OH_39071,US_OH_39071
US_OH_39073,US_OH_39073
US_OH_39075,US_OH_39075
US_OH_39077,US_OH_39077
US_OH_39079,US_OH_39079
US_OH_39081,US_OH_39081
US_OH_39083,US_OH_39083
US_OH_39085,US_OH_39085
US_OH_39087,US_OH_39087
US_OH_39089,US_OH_39089
US_OH_39091,US_OH_39091
US_OH_39093,US_OH_39093
US_OH_39095,US_OH_39095
US_OH_39097,US_OH_39097
US_OH_39099,US_OH_39099
US_OH_39101,US_OH_39101
US_OH_39103,US_OH_39103
US_OH_39105,US_OH_39105
US_OH_39107,US_OH_39107
US_OH_39109,US_OH_39109
US_OH_39111,US_OH_39111
US_OH_39113,US_OH_39113
US_OH_39115,US_OH_39115
US_OH_39117,US_OH_39117
US_OH_39119,US_OH_39119
US_OH_39121,US_OH_39121
US_OH_39123,US_OH_39123
US_OH_39125,US_OH_39125
US_OH_39127,US_OH_39127
US_OH_39129,US_OH_39129
US_OH_39131,US_OH_39131
US_OH_39133,US_OH_39133
US_OH_39135,US_OH_39135
US_OH_39137,US_OH_39137
US_OH_39139,US_OH_39139
US_OH_39141,US_OH_39141
US_OH_39143,US_OH_39143
US_OH_39145,US_OH_39145
US_OH_39147,US_OH_39147
US_OH_39149,US_OH_39149
US_OH_39151,US_OH_39151
US_OH_39153,US_OH_39153
US_OH_39155,US_OH_39155
US_OH_39157,US_OH_39157
US_OH_39159,US_OH_39159
US_OH_39161,US_OH_39161
US_OH_39163,US_OH_39163
US_OH_39165,US_OH_39165
US_OH_39167,US_OH_39167
US_OH_39169,US_OH_39169
US_OH_39171,US_OH_39171
US_OH_39173,US_OH_39173
US_OH_39175,US_OH_39175
US_OK,US_OK
US_OK_40001,US_OK_40001
US_OK_40003,US_OK_40003
US_OK_40005,US_OK_40005
US_OK_40007,US_OK_40007
US_OK_40009,US_OK_40009
US_OK_40011,US_OK_40011
US_OK_40013,US_OK_40013
US_OK_40015,US_OK_40015
US_OK_40017,US_OK_40017
US_OK_40019,US_OK_40019
US_OK_40021,US_OK_40021
US_OK_40023,US_OK_40023
US_OK_40025,US_OK_40025
US_OK_40027,US_OK_40027
US_OK_40029,US_OK_40029
US_OK_40031,US_OK_40031
US_OK_40033,US_OK_40033
US_OK_40035,US_OK_40035
US_OK_40037,US_OK_40037
US_OK_40039,US_OK_40039
US_OK_40041,US_OK_40041
US_OK_40043,US_OK_40043
US_OK_40045,US_OK_40045
US_OK_40047,US_OK_40047
US_OK_40049,US_OK_40049
US_OK_40051,US_OK_40051
US_OK_40053,US_OK_40053
US_OK_40055,US_OK_40055
US_OK_40057,US_OK_40057
US_OK_40059,US_OK_40059
US_OK_40061,US_OK_40061
US_OK_40063,US_OK_40063
US_OK_40065,US_OK_40065
US_OK_40067,US_OK_40067
US_OK_40069,US_OK_40069
US_OK_40071,US_OK_40071
US_OK_40073,US_OK_40073
US_OK_40075,US_OK_40075
US_OK_40077,US_OK_40077
US_OK_40079,US_OK_40079
US_OK_40081,US_OK_40081
US_OK_40083,US_OK_40083
US_OK_40085,US_OK_40085
US_OK_40087,US_OK_40087
US_OK_40089,US_OK_40089
US_OK_40091,US_OK_40091
US_OK_40093,US_OK_40093
US_OK_40095,US_OK_40095
US_OK_40097,US_OK_40097
US_OK_40099,US_OK_40099
US_OK_40101,US_OK_40101
US_OK_40103,US_OK_40103
US_OK_40105,US_OK_40105
US_OK_40107,US_OK_40107
US_OK_40109,US_OK_40109
US_OK_40111,US_OK_40111
US_OK_40113,US_OK_40113
US_OK_40115,US_OK_40115
US_OK_40117,US_OK_40117
US_OK_40119,US_OK_40119
US_OK_40121,US_OK_40121
US_OK_40123,US_OK_40123
US_OK_40125,US_OK_40125
US_OK_40127,US_OK_40127
US_OK_40129,US_OK_40129
US_OK_40131,US_OK_40131
US_OK_40133,US_OK_40133
US_OK_40135,US_OK_40135
US_OK_40137,US_OK_40137
US_OK_40139,US_OK_40139
US_OK_40141,US_OK_40141
US_OK_40143,US_OK_40143
US_OK_40145,US_OK_40145
US_OK_40147,US_OK_40147
US_OK_40149,US_OK_40149
US_OK_40151,US_OK_40151
US_OK_40153,US_OK_40153
US_OR,US_OR
US_OR_41001,US_OR_41001
US_OR_41003,US_OR_41003
US_OR_41005,US_OR_41005
US_OR_41007,US_OR_41007
US_OR_41009,US_OR_41009
US_OR_41011,US_OR_41011
US_OR_41013,US_OR_41013
US_OR_41015,US_OR_41015
US_OR_41017,US_OR_41017
US_OR_41019,US_OR_41019
US_OR_41021,US_OR_41021
US_OR_41023,US_OR_41023
US_OR_41025,US_OR_41025
US_OR_41027,US_OR_41027
US_OR_41029,US_OR_41029
US_OR_41031,US_OR_41031
US_OR_41033,US_OR_41033
US_OR_41035,US_OR_41035
US_OR_41037,US_OR_41037
US_OR_41039,US_OR_41039
US_OR_41041,US_OR_41041
US_OR_41043,US_OR_41043
US_OR_41045,US_OR_41045
US_OR_41047,US_OR_41047
US_OR_41049,US_OR_41049
US_OR_41051,US_OR_41051
US_OR_41053,US_OR_41053
US_OR_41055,US_OR_41055
US_OR_41057,US_OR_41057
US_OR_41059,US_OR_41059
US_OR_41061,US_OR_41061
US_OR_41063,US_OR_41063
US_OR_41065,US_OR_41065
US_OR_41067,US_OR_41067
US_OR_41069,US_OR_41069
US_OR_41071,US_OR_41071
US_PA,US_PA
US_PA_42001,US_PA_42001
US_PA_42003,US_PA_42003
US_PA_42005,US_PA_42005
US_PA_42007,US_PA_42007
US_PA_42009,US_PA_42009
US_PA_42011,US_PA_42011
US_PA_42013,US_PA_42013
US_PA_42015,US_PA_42015
US_PA_42017,US_PA_42017
US_PA_42019,US_PA_42019
US_PA_42021,US_PA_42021
US_PA_42023,US_PA_42023
US_PA_42025,US_PA_42025
US_PA_42027,US_PA_42027
US_PA_42029,US_PA_42029
US_PA_42031,US_PA_42031
US_PA_42033,US_PA_42033
US_PA_42035,US_PA_42035
US_PA_42037,US_PA_42037
US_PA_42039,US_PA_42039
US_PA_42041,US_PA_42041
US_PA_42043,US_PA_42043
US_PA_42045,US_PA_42045
US_PA_42047,US_PA_42047
US_PA_42049,US_PA_42049
US_PA_42051,US_PA_42051
US_PA_42053,US_PA_42053
US_PA_42055,US_PA_42055
US_PA_42057,US_PA_42057
US_PA_42059,US_PA_42059
US_PA_42061,US_PA_42061
US_PA_42063,US_PA_42063
US_PA_42065,US_PA_42065
US_PA_42067,US_PA_42067
US_PA_42069,US_PA_42069
US_PA_42071,US_PA_42071
US_PA_42073,US_PA_42073
US_PA_42075,US_PA_42075
US_PA_42077,US_PA_42077
US_PA_42079,US_PA_42079
US_PA_42081,US_PA_42081
US_PA_42083,US_PA_42083
US_PA_42085,US_PA_42085
US_PA_42087,US_PA_42087
US_PA_42089,US_PA_42089
US_PA_42091,US_PA_42091
US_PA_42093,US_PA_42093
US_PA_42095,US_PA_42095
US_PA_42097,US_PA_42097
US_PA_42099,US_PA_42099
US_PA_42101,US_PA_42101
US_PA_42103,US_PA_42103
US_PA_42105,US_PA_42105
US_PA_42107,US_PA_42107
US_PA_42109,US_PA_42109
US_PA_42111,US_PA_42111
US_PA_42113,US_PA_42113
US_PA_42115,US_PA_42115
US_PA_42117,US_PA_42117
US_PA_42119,US_PA_42119
US_PA_42121,US_PA_42121
US_PA_42123,US_PA_42123
US_PA_42125,US_PA_42125
US_PA_42127,US_PA_42127
US_PA_42129,US_PA_42129
US_PA_42131,US_PA_42131
US_PA_42133,US_PA_42133
US_RI,US_RI
US_RI_44001,US_RI_44001
US_RI_44003,US_RI_44003
US_RI_44005,US_RI_44005
US_RI_44007,US_RI_44007
US_RI_44009,US_RI_44009
US_SC,US_SC
US_SC_45001,US_SC_45001
US_SC_45003,US_SC_45003
US_SC_45005,US_SC_45005
US_SC_45007,US_SC_45007
US_SC_45009,US_SC_45009
US_SC_45011,US_SC_45011
US_SC_45013,US_SC_45013
US_SC_45015,US_SC_45015
US_SC_45017,US_SC_45017
US_SC_45019,US_SC_45019
US_SC_45021,US_SC_45021
US_SC_45023,US_SC_45023
US_SC_45025,US_SC_45025
US_SC_45027,US_SC_45027
US_SC_45029,US_SC_45029
US_SC_45031,US_SC_45031
US_SC_45033,US_SC_45033
US_SC_45035,US_SC_45035
US_SC_45037,US_SC_45037
US_SC_45039,US_SC_45039
US_SC_45041,US_SC_45041
US_SC_45043,US_SC_45043
US_SC_45045,US_SC_45045
US_SC_45047,US_SC_45047
US_SC_45049,US_SC_45049
US_SC_45051,US_SC_45051
US_SC_45053,US_SC_45053
US_SC_45055,US_SC_45055
US_SC_45057,US_SC_45057
US_SC_45059,US_SC_45059
US_SC_45061,US_SC_45061
US_SC_45063,US_SC_45063
US_SC_45065,US_SC_45065
US_SC_45067,US_SC_45067
US_SC_45069,US_SC_45069
US_SC_45071,US_SC_45071
US_SC_45073,US_SC_45073
US_SC_45075,US_SC_45075
US_SC_45077,US_SC_45077
US_SC_45079,US_SC_45079
US_SC_45081,US_SC_45081
US_SC_45083,US_SC_45083
US_SC_45085,US_SC_45085
US_SC_45087,US_SC_45087
US_SC_45089,US_SC_45089
US_SC_45091,US_SC_45091
US_SD,US_SD
US_SD_46003,US_SD_46003
US_SD_46005,US_SD_46005
US_SD_46007,US_SD_46007
US_SD_46009,US_SD_46009
US_SD_46011,US_SD_46011
US_SD_46013,US_SD_46013
US_SD_46015,US_SD_46015
US_SD_46017,US_SD_46017
US_SD_46019,US_SD_46019
US_SD_46021,US_SD_46021
US_SD_46023,US_SD_46023
US_SD_46025,US_SD_46025
US_SD_46027,US_SD_46027
US_SD_46029,US_SD_46029
US_SD_46031,US_SD_46031
US_SD_46033,US_SD_46033
US_SD_46035,US_SD_46035
US_SD_46037,US_SD_46037
US_SD_46039,US_SD_46039
US_SD_46041,US_SD_46041
US_SD_46043,US_SD_46043
US_SD_46045,US_SD_46045
US_SD_46047,US_SD_46047
US_SD_46049,US_SD_46049
US_SD_46051,US_SD_46051
US_SD_46053,US_SD_46053
US_SD_46055,US_SD_46055
US_SD_46057,US_SD_46057
US_SD_46059,US_SD_46059
US_SD_46061,US_SD_46061
US_SD_46063,US_SD_46063
US_SD_46065,US_SD_46065
US_SD_46067,US_SD_46067
US_SD_46069,US_SD_46069
US_SD_46071,US_SD_46071
US_SD_46073,US_SD_46073
US_SD_46075,US_SD_46075
US_SD_46077,US_SD_46077
US_SD_46079,US_SD_46079
US_SD_46081,US_SD_46081
US_SD_46083,US_SD_46083
US_SD_46085,US_SD_46085
US_SD_46087,US_SD_46087
US_SD_46089,US_SD_46089
US_SD_46091,US_SD_46091
US_SD_46093,US_SD_46093
US_SD_46095,US_SD_46095
US_SD_46097,US_SD_46097
US_SD_46099,US_SD_46099
US_SD_46101,US_SD_46101
US_SD_46102,US_SD_46102
US_SD_46103,US_SD_46103
US_SD_46105,US_SD_46105
US_SD_46107,US_SD_46107
US_SD_46109,US_SD_46109
US_SD_46111,US_SD_46111
US_SD_46115,US_SD_46115
US_SD_46117,US_SD_46117
US_SD_46119,US_SD_46119
US_SD_46121,US_SD_46121
US_SD_46123,US_SD_46123
US_SD_46125,US_SD_46125
US_SD_46127,US_SD_46127
US_SD_46129,US_SD_46129
US_SD_46135,US_SD_46135
US_SD_46137,US_SD_46137
US_TN,US_TN
US_TN_47001,US_TN_47001
US_TN_47003,US_TN_47003
US_TN_47005,US_TN_47005
US_TN_47007,US_TN_47007
US_TN_47009,US_TN_47009
US_TN_47011,US_TN_47011
US_TN_47013,US_TN_47013
US_TN_47015,US_TN_47015
US_TN_47017,US_TN_47017
US_TN_47019,US_TN_47019
US_TN_47021,US_TN_47021
US_TN_47023,US_TN_47023
US_TN_47025,US_TN_47025
US_TN_47027,US_TN_47027
US_TN_47029,US_TN_47029
US_TN_47031,US_TN_47031
US_TN_47033,US_TN_47033
US_TN_47035,US_TN_47035
US_TN_47037,US_TN_47037
US_TN_47039,US_TN_47039
US_TN_47041,US_TN_47041
US_TN_47043,US_TN_47043
US_TN_47045,US_TN_47045
US_TN_47047,US_TN_47047
US_TN_47049,US_TN_47049
US_TN_47051,US_TN_47051
US_TN_47053,US_TN_47053
US_TN_47055,US_TN_47055
US_TN_47057,US_TN_47057
US_TN_47059,US_TN_47059
US_TN_47061,US_TN_47061
US_TN_47063,US_TN_47063
US_TN_47065,US_TN_47065
US_TN_47067,US_TN_47067
US_TN_47069,US_TN_47069
US_TN_47071,US_TN_47071
US_TN_47073,US_TN_47073
US_TN_47075,US_TN_47075
US_TN_47077,US_TN_47077
US_TN_47079,US_TN_47079
US_TN_47081,US_TN_47081
US_TN_47083,US_TN_47083
US_TN_47085,US_TN_47085
US_TN_47087,US_TN_47087
US_TN_47089,US_TN_47089
US_TN_47091,US_TN_47091
US_TN_47093,US_TN_47093
US_TN_47095,US_TN_47095
US_TN_47097,US_TN_47097
US_TN_47099,US_TN_47099
US_TN_47101,US_TN_47101
US_TN_47103,US_TN_47103
US_TN_47105,US_TN_47105
US_TN_47107,US_TN_47107
US_TN_47109,US_TN_47109
US_TN_47111,US_TN_47111
US_TN_47113,US_TN_47113
US_TN_47115,US_TN_47115
US_TN_47117,US_TN_47117
US_TN_47119,US_TN_47119
US_TN_47121,US_TN_47121
US_TN_47123,US_TN_47123
US_TN_47125,US_TN_47125
US_TN_47127,US_TN_47127
US_TN_47129,US_TN_47129
US_TN_47131,US_TN_47131
US_TN_47133,US_TN_47133
US_TN_47135,US_TN_47135
US_TN_47137,US_TN_47137
US_TN_47139,US_TN_47139
US_TN_47141,US_TN_47141
US_TN_47143,US_TN_47143
US_TN_47145,US_TN_47145
US_TN_47147,US_TN_47147
US_TN_47149,US_TN_47149
US_TN_47151,US_TN_47151
US_TN_47153,US_TN_47153
US_TN_47155,US_TN_47155
US_TN_47157,US_TN_47157
US_TN_47159,US_TN_47159
US_TN_47161,US_TN_47161
US_TN_47163,US_TN_47163
US_TN_47165,US_TN_47165
US_TN_47167,US_TN_47167
US_TN_47169,US_TN_47169
US_TN_47171,US_TN_47171
US_TN_47173,US_TN_47173
US_TN_47175,US_TN_47175
US_TN_47177,US_TN_47177
US_TN_47179,US_TN_47179
US_TN_47181,US_TN_47181
US_TN_47183,US_TN_47183
US_TN_47185,US_TN_47185
US_TN_47187,US_TN_47187
US_TN_47189,US_TN_47189
US_TX,US_TX
US_TX_48001,US_TX_48001
US_TX_48003,US_TX_48003
US_TX_48005,US_TX_48005
US_TX_48007,US_TX_48007
US_TX_48009,US_TX_48009
US_TX_48011,US_TX_48011
US_TX_48013,US_TX_48013
US_TX_48015,US_TX_48015
US_TX_48017,US_TX_48017
US_TX_48019,US_TX_48019
US_TX_48021,US_TX_48021
US_TX_48023,US_TX_48023
US_TX_48025,US_TX_48025
US_TX_48027,US_TX_48027
US_TX_48029,US_TX_48029
US_TX_48031,US_TX_48031
US_TX_48033,US_TX_48033
US_TX_48035,US_TX_48035
US_TX_48037,US_TX_48037
US_TX_48039,US_TX_48039
US_TX_48041,US_TX_48041
US_TX_48043,US_TX_48043
US_TX_48045,US_TX_48045
US_TX_48047,US_TX_48047
US_TX_48049,US_TX_48049
US_TX_48051,US_TX_48051
US_TX_48053,US_TX_48053
US_TX_48055,US_TX_48055
US_TX_48057,US_TX_48057
US_TX_48059,US_TX_48059
US_TX_48061,US_TX_48061
US_TX_48063,US_TX_48063
US_TX_48065,US_TX_48065
US_TX_48067,US_TX_48067
US_TX_48069,US_TX_48069
US_TX_48071,US_TX_48071
US_TX_48073,US_TX_48073
US_TX_48075,US_TX_48075
US_TX_48077,US_TX_48077
US_TX_48079,US_TX_48079
US_TX_48081,US_TX_48081
US_TX_48083,US_TX_48083
US_TX_48085,US_TX_48085
US_TX_48087,US_TX_48087
US_TX_48089,US_TX_48089
US_TX_48091,US_TX_48091
US_TX_48093,US_TX_48093
US_TX_48095,US_TX_48095
US_TX_48097,US_TX_48097
US_TX_48099,US_TX_48099
US_TX_48101,US_TX_48101
US_TX_48103,US_TX_48103
US_TX_48105,US_TX_48105
US_TX_48107,US_TX_48107
US_TX_48109,US_TX_48109
US_TX_48111,US_TX_48111
US_TX_48113,US_TX_48113
US_TX_48115,US_TX_48115
US_TX_48117,US_TX_48117
US_TX_48119,US_TX_48119
US_TX_48121,US_TX_48121
US_TX_48123,US_TX_48123
US_TX_48125,US_TX_48125
US_TX_48127,US_TX_48127
US_TX_48129,US_TX_48129
US_TX_48131,US_TX_48131
US_TX_48133,US_TX_48133
US_TX_48135,US_TX_48135
US_TX_48137,US_TX_48137
US_TX_48139,US_TX_48139
US_TX_48141,US_TX_48141
US_TX_48143,US_TX_48143
US_TX_48145,US_TX_48145
US_TX_48147,US_TX_48147
US_TX_48149,US_TX_48149
US_TX_48151,US_TX_48151
US_TX_48153,US_TX_48153
US_TX_48155,US_TX_48155
US_TX_48157,US_TX_48157
US_TX_48159,US_TX_48159
US_TX_48161,US_TX_48161
US_TX_48163,US_TX_48163
US_TX_48165,US_TX_48165
US_TX_48167,US_TX_48167
US_TX_48169,US_TX_48169
US_TX_48171,US_TX_48171
US_TX_48173,US_TX_48173
US_TX_48175,US_TX_48175
US_TX_48177,US_TX_48177
US_TX_48179,US_TX_48179
US_TX_48181,US_TX_48181
US_TX_48183,US_TX_48183
US_TX_48185,US_TX_48185
US_TX_48187,US_TX_48187
US_TX_48189,US_TX_48189
US_TX_48191,US_TX_48191
US_TX_48193,US_TX_48193
US_TX_48195,US_TX_48195
US_TX_48197,US_TX_48197
US_TX_48199,US_TX_48199
US_TX_48201,US_TX_48201
US_TX_48203,US_TX_48203
US_TX_48205,US_TX_48205
US_TX_48207,US_TX_48207
US_TX_48209,US_TX_48209
US_TX_48211,US_TX_48211
US_TX_48213,US_TX_48213
US_TX_48215,US_TX_48215
US_TX_48217,US_TX_48217
US_TX_48219,US_TX_48219
US_TX_48221,US_TX_48221
US_TX_48223,US_TX_48223
US_TX_48225,US_TX_48225
US_TX_48227,US_TX_48227
US_TX_48229,US_TX_48229
US_TX_48231,US_TX_48231
US_TX_48233,US_TX_48233
US_TX_48235,US_TX_48235
US_TX_48237,US_TX_48237
US_TX_48239,US_TX_48239
US_TX_48241,US_TX_48241
US_TX_48243,US_TX_48243
US_TX_48245,US_TX_48245
US_TX_48247,US_TX_48247
US_TX_48249,US_TX_48249
US_TX_48251,US_TX_48251
US_TX_48253,US_TX_48253
US_TX_48255,US_TX_48255
US_TX_48257,US_TX_48257
US_TX_48259,US_TX_48259
US_TX_48261,US_TX_48261
US_TX_48263,US_TX_48263
US_TX_48265,US_TX_48265
US_TX_48267,US_TX_48267
US_TX_48269,US_TX_48269
US_TX_48271,US_TX_48271
US_TX_48273,US_TX_48273
US_TX_48275,US_TX_48275
US_TX_48277,US_TX_48277
US_TX_48279,US_TX_48279
US_TX_48281,US_TX_48281
US_TX_48283,US_TX_48283
US_TX_48285,US_TX_48285
US_TX_48287,US_TX_48287
US_TX_48289,US_TX_48289
US_TX_48291,US_TX_48291
US_TX_48293,US_TX_48293
US_TX_48295,US_TX_48295
US_TX_48297,US_TX_48297
US_TX_48299,US_TX_48299
US_TX_48301,US_TX_48301
US_TX_48303,US_TX_48303
US_TX_48305,US_TX_48305
US_TX_48307,US_TX_48307
US_TX_48309,US_TX_48309
US_TX_48311,US_TX_48311
US_TX_48313,US_TX_48313
US_TX_48315,US_TX_48315
US_TX_48317,US_TX_48317
US_TX_48319,US_TX_48319
US_TX_48321,US_TX_48321
US_TX_48323,US_TX_48323
US_TX_48325,US_TX_48325
US_TX_48327,US_TX_48327
US_TX_48329,US_TX_48329
US_TX_48331,US_TX_48331
US_TX_48333,US_TX_48333
US_TX_48335,US_TX_48335
US_TX_48337,US_TX_48337
US_TX_48339,US_TX_48339
US_TX_48341,US_TX_48341
US_TX_48343,US_TX_48343
US_TX_48345,US_TX_48345
US_TX_48347,US_TX_48347
US_TX_48349,US_TX_48349
US_TX_48351,US_TX_48351
US_TX_48353,US_TX_48353
US_TX_48355,US_TX_48355
US_TX_48357,US_TX_48357
US_TX_48359,US_TX_48359
US_TX_48361,US_TX_48361
US_TX_48363,US_TX_48363
US_TX_48365,US_TX_48365
US_TX_48367,US_TX_48367
US_TX_48369,US_TX_48369
US_TX_48371,US_TX_48371
US_TX_48373,US_TX_48373
US_TX_48375,US_TX_48375
US_TX_48377,US_TX_48377
US_TX_48379,US_TX_48379
US_TX_48381,US_TX_48381
US_TX_48383,US_TX_48383
US_TX_48385,US_TX_48385
US_TX_48387,US_TX_48387
US_TX_48389,US_TX_48389
US_TX_48391,US_TX_48391
US_TX_48393,US_TX_48393
US_TX_48395,US_TX_48395
US_TX_48397,US_TX_48397
US_TX_48399,US_TX_48399
US_TX_48401,US_TX_48401
US_TX_48403,US_TX_48403
US_TX_48405,US_TX_48405
US_TX_48407,US_TX_48407
US_TX_48409,US_TX_48409
US_TX_48411,US_TX_48411
US_TX_48413,US_TX_48413
US_TX_48415,US_TX_48415
US_TX_48417,US_TX_48417
US_TX_48419,US_TX_48419
US_TX_48421,US_TX_48421
US_TX_48423,US_TX_48423
US_TX_48425,US_TX_48425
US_TX_48427,US_TX_48427
US_TX_48429,US_TX_48429
US_TX_48431,US_TX_48431
US_TX_48433,US_TX_48433
US_TX_48435,US_TX_48435
US_TX_48437,US_TX_48437
US_TX_48439,US_TX_48439
US_TX_48441,US_TX_48441
US_TX_48443,US_TX_48443
US_TX_48445,US_TX_48445
US_TX_48447,US_TX_48447
US_TX_48449,US_TX_48449
US_TX_48451,US_TX_48451
US_TX_48453,US_TX_48453
US_TX_48455,US_TX_48455
US_TX_48457,US_TX_48457
US_TX_48459,US_TX_48459
US_TX_48461,US_TX_48461
US_TX_48463,US_TX_48463
US_TX_48465,US_TX_48465
US_TX_48467,US_TX_48467
US_TX_48469,US_TX_48469
US_TX_48471,US_TX_48471
US_TX_48473,US_TX_48473
US_TX_48475,US_TX_48475
US_TX_48477,US_TX_48477
US_TX_48479,US_TX_48479
US_TX_48481,US_TX_48481
US_TX_48483,US_TX_48483
US_TX_48485,US_TX_48485
US_TX_48487,US_TX_48487
US_TX_48489,US_TX_48489
US_TX_48491,US_TX_48491
US_TX_48493,US_TX_48493
US_TX_48495,US_TX_48495
US_TX_48497,US_TX_48497
US_TX_48499,US_TX_48499
US_TX_48501,US_TX_48501
US_TX_48503,US_TX_48503
US_TX_48505,US_TX_48505
US_TX_48507,US_TX_48507
US_UT,US_UT
US_UT_49001,US_UT_49001
US_UT_49003,US_UT_49003
US_UT_49005,US_UT_49005
US_UT_49007,US_UT_49007
US_UT_49009,US_UT_49009
US_UT_49011,US_UT_49011
US_UT_49013,US_UT_49013
US_UT_49015,US_UT_49015
US_UT_49017,US_UT_49017
US_UT_49019,US_UT_49019
US_UT_49021,US_UT_49021
US_UT_49023,US_UT_49023
US_UT_49025,US_UT_49025
US_UT_49027,US_UT_49027
US_UT_49029,US_UT_49029
US_UT_49031,US_UT_49031
US_UT_49033,US_UT_49033
US_UT_49035,US_UT_49035
US_UT_49037,US_UT_49037
US_UT_49039,US_UT_49039
US_UT_49041,US_UT_49041
US_UT_49043,US_UT_49043
US_UT_49045,US_UT_49045
US_UT_49047,US_UT_49047
US_UT_49049,US_UT_49049
US_UT_49051,US_UT_49051
US_UT_49053,US_UT_49053
US_UT_49055,US_UT_49055
US_UT_49057,US_UT_49057
US_VT,US_VT
US_VT_50001,US_VT_50001
US_VT_50003,US_VT_50003
US_VT_50005,US_VT_50005
US_VT_50007,US_VT_50007
US_VT_50009,US_VT_50009
US_VT_50011,US_VT_50011
US_VT_50013,US_VT_50013
US_VT_50015,US_VT_50015
US_VT_50017,US_VT_50017
US_VT_50019,US_VT_50019
US_VT_50021,US_VT_50021
US_VT_50023,US_VT_50023
US_VT_50025,US_VT_50025
US_VT_50027,US_VT_50027
US_VA,US_VA
US_VA_51001,US_VA_51001
US_VA_51003,US_VA_51003
US_VA_51005,US_VA_51005
US_VA_51007,US_VA_51007
US_VA_51009,US_VA_51009
US_VA_51011,US_VA_51011
US_VA_51013,US_VA_51013
US_VA_51015,US_VA_51015
US_VA_51017,US_VA_51017
US_VA_51019,US_VA_51019
US_VA_51021,US_VA_51021
US_VA_51023,US_VA_51023
US_VA_51025,US_VA_51025
US_VA_51027,US_VA_51027
US_VA_51029,US_VA_51029
US_VA_51031,US_VA_51031
US_VA_51033,US_VA_51033
US_VA_51035,US_VA_51035
US_VA_51036,US_VA_51036
US_VA_51037,US_VA_51037
US_VA_51041,US_VA_51041
US_VA_51043,US_VA_51043
US_VA_51045,US_VA_51045
US_VA_51047,US_VA_51047
US_VA_51049,US_VA_51049
US_VA_51051,US_VA_51051
US_VA_51053,US_VA_51053
US_VA_51057,US_VA_51057
US_VA_51059,US_VA_51059
US_VA_51061,US_VA_51061
US_VA_51063,US_VA_51063
US_VA_51065,US_VA_51065
US_VA_51067,US_VA_51067
US_VA_51069,US_VA_51069
US_VA_51071,US_VA_51071
US_VA_51073,US_VA_51073
US_VA_51075,US_VA_51075
US_VA_51077,US_VA_51077
US_VA_51079,US_VA_51079
US_VA_51081,US_VA_51081
US_VA_51083,US_VA_51083
US_VA_51085,US_VA_51085
US_VA_51087,US_VA_51087
US_VA_51089,US_VA_51089
US_VA_51091,US_VA_51091
US_VA_51093,US_VA_51093
US_VA_51095,US_VA_51095
US_VA_51097,US_VA_51097
US_VA_51099,US_VA_51099
US_VA_51101,US_VA_51101
US_VA_51103,US_VA_51103
US_VA_51105,US_VA_51105
US_VA_51107,US_VA_51107
US_VA_51109,US_VA_51109
US_VA_51111,US_VA_51111
US_VA_51113,US_VA_51113
US_VA_51115,US_VA_51115
US_VA_51117,US_VA_51117
US_VA_51119,US_VA_51119
US_VA_51121,US_VA_51121
US_VA_51125,US_VA_51125
US_VA_51127,US_VA_51127
US_VA_51131,US_VA_51131
US_VA_51133,US_VA_51133
US_VA_51135,US_VA_51135
US_VA_51137,US_VA_51137
US_VA_51139,US_VA_51139
US_VA_51141,US_VA_51141
US_VA_51143,US_VA_51143
US_VA_51145,US_VA_51145
US_VA_51147,US_VA_51147
US_VA_51149,US_VA_51149
US_VA_51153,US_VA_51153
US_VA_51155,US_VA_51155
US_VA_51157,US_VA_51157
US_VA_51159,US_VA_51159
US_VA_51161,US_VA_51161
US_VA_51163,US_VA_51163
US_VA_51165,US_VA_51165
US_VA_51167,US_VA_51167
US_VA_51169,US_VA_51169
US_VA_51171,US_VA_51171
US_VA_51173,US_VA_51173
US_VA_51175,US_VA_51175
US_VA_51177,US_VA_51177
US_VA_51179,US_VA_51179
US_VA_51181,US_VA_51181
US_VA_51183,US_VA_51183
US_VA_51185,US_VA_51185
US_VA_51187,US_VA_51187
US_VA_51191,US_VA_51191
US_VA_51193,US_VA_51193
US_VA_51195,US_VA_51195
US_VA_51197,US_VA_51197
US_VA_51199,US_VA_51199
US_VA_51510,US_VA_51510
US_VA_51520,US_VA_51520
US_VA_51530,US_VA_51530
US_VA_51540,US_VA_51540
US_VA_51550,US_VA_51550
US_VA_51570,US_VA_51570
US_VA_51580,US_VA_51580
US_VA_51590,US_VA_51590
US_VA_51595,US_VA_51595
US_VA_51600,US_VA_51600
US_VA_51610,US_VA_51610
US_VA_51620,US_VA_51620
US_VA_51630,US_VA_51630
US_VA_51640,US_VA_51640
US_VA_51650,US_VA_51650
US_VA_51660,US_VA_51660
US_VA_51670,US_VA_51670
US_VA_51678,US_VA_51678
US_VA_51680,US_VA_51680
US_VA_51683,US_VA_51683
US_VA_51685,US_VA_51685
US_VA_51690,US_VA_51690
US_VA_51700,US_VA_51700
US_VA_51710,US_VA_51710
US_VA_51720,US_VA_51720
US_VA_51730,US_VA_51730
US_VA_51735,US_VA_51735
US_VA_51740,US_VA_51740
US_VA_51750,US_VA_51750
US_VA_51760,US_VA_51760
US_VA_51770,US_VA_51770
US_VA_51775,US_VA_51775
US_VA_51790,US_VA_51790
US_VA_51800,US_VA_51800
US_VA_51810,US_VA_51810
US_VA_51820,US_VA_51820
US_VA_51830,US_VA_51830
US_VA_51840,US_VA_51840
US_WA,US_WA
US_WA_53001,US_WA_53001
US_WA_53003,US_WA_53003
US_WA_53005,US_WA_53005
US_WA_53007,US_WA_53007
US_WA_53009,US_WA_53009
US_WA_53011,US_WA_53011
US_WA_53013,US_WA_53013
US_WA_53015,US_WA_53015
US_WA_53017,US_WA_53017
US_WA_53019,US_WA_53019
US_WA_53021,US_WA_53021
US_WA_53023,US_WA_53023
US_WA_53025,US_WA_53025
US_WA_53027,US_WA_53027
US_WA_53029,US_WA_53029
US_WA_53031,US_WA_53031
US_WA_53033,US_WA_53033
US_WA_53035,US_WA_53035
US_WA_53037,US_WA_53037
US_WA_53039,US_WA_53039
US_WA_53041,US_WA_53041
US_WA_53043,US_WA_53043
US_WA_53045,US_WA_53045
US_WA_53047,US_WA_53047
US_WA_53049,US_WA_53049
US_WA_53051,US_WA_53051
US_WA_53053,US_WA_53053
US_WA_53055,US_WA_53055
US_WA_53057,US_WA_53057
US_WA_53059,US_WA_53059
US_WA_53061,US_WA_53061
US_WA_53063,US_WA_53063
US_WA_53065,US_WA_53065
US_WA_53067,US_WA_53067
US_WA_53069,US_WA_53069
US_WA_53071,US_WA_53071
US_WA_53073,US_WA_53073
US_WA_53075,US_WA_53075
US_WA_53077,US_WA_53077
US_WV,US_WV
US_WV_54001,US_WV_54001
US_WV_54003,US_WV_54003
US_WV_54005,US_WV_54005
US_WV_54007,US_WV_54007
US_WV_54009,US_WV_54009
US_WV_54011,US_WV_54011
US_WV_54013,US_WV_54013
US_WV_54015,US_WV_54015
US_WV_54017,US_WV_54017
US_WV_54019,US_WV_54019
US_WV_54021,US_WV_54021
US_WV_54023,US_WV_54023
US_WV_54025,US_WV_54025
US_WV_54027,US_WV_54027
US_WV_54029,US_WV_54029
US_WV_54031,US_WV_54031
US_WV_54033,US_WV_54033
US_WV_54035,US_WV_54035
US_WV_54037,US_WV_54037
US_WV_54039,US_WV_54039
US_WV_54041,US_WV_54041
US_WV_54043,US_WV_54043
US_WV_54045,US_WV_54045
US_WV_54047,US_WV_54047
US_WV_54049,US_WV_54049
US_WV_54051,US_WV_54051
US_WV_54053,US_WV_54053
US_WV_54055,US_WV_54055
US_WV_54057,US_WV_54057
US_WV_54059,US_WV_54059
US_WV_54061,US_WV_54061
US_WV_54063,US_WV_54063
US_WV_54065,US_WV_54065
US_WV_54067,US_WV_54067
US_WV_54069,US_WV_54069
US_WV_54071,US_WV_54071
US_WV_54073,US_WV_54073
US_WV_54075,US_WV_54075
US_WV_54077,US_WV_54077
US_WV_54079,US_WV_54079
US_WV_54081,US_WV_54081
US_WV_54083,US_WV_54083
US_WV_54085,US_WV_54085
US_WV_54087,US_WV_54087
US_WV_54089,US_WV_54089
US_WV_54091,US_WV_54091
US_WV_54093,US_WV_54093
US_WV_54095,US_WV_54095
US_WV_54097,US_WV_54097
US_WV_54099,US_WV_54099
US_WV_54101,US_WV_54101
US_WV_54103,US_WV_54103
US_WV_54105,US_WV_54105
US_WV_54107,US_WV_54107
US_WV_54109,US_WV_54109
US_WI,US_WI
US_WI_55001,US_WI_55001
US_WI_55003,US_WI_55003
US_WI_55005,US_WI_55005
US_WI_55007,US_WI_55007
US_WI_55009,US_WI_55009
US_WI_55011,US_WI_55011
US_WI_55013,US_WI_55013
US_WI_55015,US_WI_55015
US_WI_55017,US_WI_55017
US_WI_55019,US_WI_55019
US_WI_55021,US_WI_55021
US_WI_55023,US_WI_55023
US_WI_55025,US_WI_55025
US_WI_55027,US_WI_55027
US_WI_55029,US_WI_55029
US_WI_55031,US_WI_55031
US_WI_55033,US_WI_55033
US_WI_55035,US_WI_55035
US_WI_55037,US_WI_55037
US_WI_55039,US_WI_55039
US_WI_55041,US_WI_55041
US_WI_55043,US_WI_55043
US_WI_55045,US_WI_55045
US_WI_55047,US_WI_55047
US_WI_55049,US_WI_55049
US_WI_55051,US_WI_55051
US_WI_55053,US_WI_55053
US_WI_55055,US_WI_55055
US_WI_55057,US_WI_55057
US_WI_55059,US_WI_55059
US_WI_55061,US_WI_55061
US_WI_55063,US_WI_55063
US_WI_55065,US_WI_55065
US_WI_55067,US_WI_55067
US_WI_55069,US_WI_55069
US_WI_55071,US_WI_55071
US_WI_55073,US_WI_55073
US_WI_55075,US_WI_55075
US_WI_55077,US_WI_55077
US_WI_55078,US_WI_55078
US_WI_55079,US_WI_55079
US_WI_55081,US_WI_55081
US_WI_55083,US_WI_55083
US_WI_55085,US_WI_55085
US_WI_55087,US_WI_55087
US_WI_55089,US_WI_55089
US_WI_55091,US_WI_55091
US_WI_55093,US_WI_55093
US_WI_55095,US_WI_55095
US_WI_55097,US_WI_55097
US_WI_55099,US_WI_55099
US_WI_55101,US_WI_55101
US_WI_55103,US_WI_55103
US_WI_55105,US_WI_55105
US_WI_55107,US_WI_55107
US_WI_55109,US_WI_55109
US_WI_55111,US_WI_55111
US_WI_55113,US_WI_55113
US_WI_55115,US_WI_55115
US_WI_55117,US_WI_55117
US_WI_55119,US_WI_55119
US_WI_55121,US_WI_55121
US_WI_55123,US_WI_55123
US_WI_55125,US_WI_55125
US_WI_55127,US_WI_55127
US_WI_55129,US_WI_55129
US_WI_55131,US_WI_55131
US_WI_55133,US_WI_55133
US_WI_55135,US_WI_55135
US_WI_55137,US_WI_55137
US_WI_55139,US_WI_55139
US_WI_55141,US_WI_55141
US_WY,US_WY
US_WY_56001,US_WY_56001
US_WY_56003,US_WY_56003
US_WY_56005,US_WY_56005
US_WY_56007,US_WY_56007
US_WY_56009,US_WY_56009
US_WY_56011,US_WY_56011
US_WY_56013,US_WY_56013
US_WY_56015,US_WY_56015
US_WY_56017,US_WY_56017
US_WY_56019,US_WY_56019
US_WY_56021,US_WY_56021
US_WY_56023,US_WY_56023
US_WY_56025,US_WY_56025
US_WY_56027,US_WY_56027
US_WY_56029,US_WY_56029
US_WY_56031,US_WY_56031
US_WY_56033,US_WY_56033
US_WY_56035,US_WY_56035
US_WY_56037,US_WY_56037
US_WY_56039,US_WY_56039
US_WY_56041,US_WY_56041
US_WY_56043,US_WY_56043
US_WY_56045,US_WY_56045
